time;message;level
2017-02-06 16:08:22.0682;Исключение из не UI потока Object reference not set to an instance of an object.;Fatal
2017-02-06 16:08:24.3454;Исключение из не UI потока Object reference not set to an instance of an object.;Fatal
2017-02-06 16:08:31.0818;Исключение из не UI потока Object reference not set to an instance of an object.;Fatal
2017-02-06 16:08:32.6148;Исключение из не UI потока Object reference not set to an instance of an object.;Fatal
2017-02-06 16:08:33.2789;Исключение из не UI потока Object reference not set to an instance of an object.;Fatal
2017-02-06 16:08:33.8309;Исключение из не UI потока Object reference not set to an instance of an object.;Fatal
2017-02-06 16:08:34.7600;Исключение из не UI потока Object reference not set to an instance of an object.;Fatal
2017-02-06 16:08:35.3350;Исключение из не UI потока Object reference not set to an instance of an object.;Fatal
2017-02-06 16:08:38.1272;Исключение из не UI потока Object reference not set to an instance of an object.;Fatal
2017-02-06 16:08:42.6224;Исключение из не UI потока Object reference not set to an instance of an object.;Fatal
2017-02-06 16:08:44.2155;Исключение из не UI потока Object reference not set to an instance of an object.;Fatal
2017-02-06 16:08:56.9042;Исключение из не UI потока Object reference not set to an instance of an object.;Fatal
2017-02-06 16:08:57.4053;Исключение из не UI потока Object reference not set to an instance of an object.;Fatal
2017-02-06 16:08:58.3763;Исключение из не UI потока Object reference not set to an instance of an object.;Fatal
2017-02-06 16:08:58.8763;Исключение из не UI потока Object reference not set to an instance of an object.;Fatal
2017-02-06 16:10:40.1181;16:10:40;Fatal
2017-02-06 19:10:10.9542;19:10:10;Fatal
2017-02-06 19:10:50.9675;19:10:50;Fatal
2017-02-06 20:10:01.9256;20:10:01;Fatal
2017-02-06 20:10:41.9389;20:10:41;Fatal
2017-02-06 21:10:02.4531;21:10:02;Fatal
2017-02-06 21:10:42.4654;21:10:42;Fatal
2017-02-06 22:10:03.7341;22:10:03;Fatal
2017-02-06 22:10:43.7484;22:10:43;Fatal
2017-02-06 23:10:05.0181;23:10:05;Fatal
2017-02-06 23:10:45.0314;23:10:45;Fatal
2017-02-07 00:10:06.3000;0:10:06;Fatal
2017-02-07 00:10:46.3143;0:10:46;Fatal
2017-02-07 01:10:07.5840;1:10:07;Fatal
2017-02-07 01:10:47.5973;1:10:47;Fatal
2017-02-07 02:10:08.8670;2:10:08;Fatal
2017-02-07 02:10:48.8813;2:10:48;Fatal
2017-02-07 03:10:10.1500;3:10:10;Fatal
2017-02-07 03:10:50.1643;3:10:50;Fatal
2017-02-07 04:10:11.4330;4:10:11;Fatal
2017-02-07 04:10:51.4473;4:10:51;Fatal
2017-02-07 05:10:12.7160;5:10:12;Fatal
2017-02-07 05:10:52.7302;5:10:52;Fatal
2017-02-07 06:10:13.9989;6:10:13;Fatal
2017-02-07 06:10:54.0132;6:10:54;Fatal
2017-02-07 07:10:15.2819;7:10:15;Fatal
2017-02-07 07:10:55.2962;7:10:55;Fatal
2017-02-07 08:10:16.5649;8:10:16;Fatal
2017-02-07 08:10:56.5802;8:10:56;Fatal
2017-02-07 09:10:17.8489;9:10:17;Fatal
2017-02-07 09:10:57.8622;9:10:57;Fatal
2017-02-07 10:10:19.1309;10:10:19;Fatal
2017-02-07 10:10:59.1452;10:10:59;Fatal
2017-02-07 11:10:20.4158;11:10:20;Fatal
2017-02-07 13:10:33.4334;13:10:33;Fatal
2017-02-07 14:10:28.6330;14:10:28;Fatal
2017-02-07 15:10:29.9150;15:10:29;Fatal
2017-02-07 16:10:31.1980;16:10:31;Fatal
2017-02-07 17:10:32.4810;17:10:32;Fatal
2017-02-07 18:10:33.7640;18:10:33;Fatal
2017-02-07 19:10:35.0470;19:10:35;Fatal
2017-02-07 20:10:36.3299;20:10:36;Fatal
2017-02-07 21:10:37.6139;21:10:37;Fatal
2017-02-07 22:10:38.8959;22:10:38;Fatal
2017-02-07 23:10:00.1656;23:10:00;Fatal
2017-02-07 23:10:40.1809;23:10:40;Fatal
2017-02-08 00:10:01.4486;0:10:01;Fatal
2017-02-08 00:10:41.4629;0:10:41;Fatal
2017-02-08 01:10:02.7326;1:10:02;Fatal
2017-02-08 01:10:42.7458;1:10:42;Fatal
2017-02-08 02:10:29.5220;2:10:29;Fatal
2017-02-08 03:10:30.8040;3:10:30;Fatal
2017-02-08 04:10:32.0870;4:10:32;Fatal
2017-02-08 05:10:33.3699;5:10:33;Fatal
2017-02-08 06:10:34.6529;6:10:34;Fatal
2017-02-08 07:10:35.9359;7:10:35;Fatal
2017-02-08 08:10:37.2189;8:10:37;Fatal
2017-02-08 09:10:38.5019;9:10:38;Fatal
2017-02-08 10:10:39.7858;10:10:39;Fatal
2017-02-08 11:10:01.0545;11:10:01;Fatal
2017-02-08 11:10:41.0698;11:10:41;Fatal
2017-02-08 12:10:02.3375;12:10:02;Fatal
2017-02-08 12:10:42.3528;12:10:42;Fatal
2017-02-08 13:10:03.6205;13:10:03;Fatal
2017-02-08 13:10:43.6348;13:10:43;Fatal
2017-02-08 14:10:04.9045;14:10:04;Fatal
2017-02-08 14:10:44.9188;14:10:44;Fatal
2017-02-08 15:10:06.1875;15:10:06;Fatal
2017-02-08 15:10:46.2008;15:10:46;Fatal
2017-02-08 16:10:07.4694;16:10:07;Fatal
2017-02-08 16:10:47.4837;16:10:47;Fatal
2017-02-08 17:10:08.7524;17:10:08;Fatal
2017-02-08 17:10:48.7667;17:10:48;Fatal
2017-02-08 18:10:10.0354;18:10:10;Fatal
2017-02-08 18:10:50.0497;18:10:50;Fatal
2017-02-08 19:10:11.3184;19:10:11;Fatal
2017-02-08 19:10:51.3327;19:10:51;Fatal
2017-02-08 20:10:12.6024;20:10:12;Fatal
2017-02-08 20:10:52.6157;20:10:52;Fatal
2017-02-08 21:10:13.8854;21:10:13;Fatal
2017-02-08 21:10:53.8996;21:10:53;Fatal
2017-02-08 22:10:15.1683;22:10:15;Fatal
2017-02-08 22:10:55.1826;22:10:55;Fatal
2017-02-08 23:10:16.4513;23:10:16;Fatal
2017-02-08 23:10:56.4666;23:10:56;Fatal
2017-02-09 00:07:13.3688;Исключение из не UI потока String was not recognized as a valid DateTime.;Fatal
2017-02-09 00:10:17.7343;0:10:17;Fatal
2017-02-09 00:10:57.7486;0:10:57;Fatal
2017-02-09 01:10:19.0173;1:10:19;Fatal
2017-02-09 01:10:59.0316;1:10:59;Fatal
2017-02-09 01:22:55.1445;Исключение из не UI потока String was not recognized as a valid DateTime.;Fatal
2017-02-09 01:22:55.4565;Исключение из не UI потока String was not recognized as a valid DateTime.;Fatal
2017-02-09 01:37:04.8661;Исключение из не UI потока String was not recognized as a valid DateTime.;Fatal
2017-02-09 01:37:05.1331;Исключение из не UI потока String was not recognized as a valid DateTime.;Fatal
2017-02-09 01:37:05.4602;Исключение из не UI потока String was not recognized as a valid DateTime.;Fatal
2017-02-09 01:41:55.4938;Исключение из не UI потока String was not recognized as a valid DateTime.;Fatal
2017-02-09 01:45:15.3932;Исключение из не UI потока String was not recognized as a valid DateTime.;Fatal
2017-02-09 01:49:17.1340;Исключение из не UI потока String was not recognized as a valid DateTime.;Fatal
2017-02-09 01:49:17.4490;Исключение из не UI потока String was not recognized as a valid DateTime.;Fatal
2017-02-09 01:51:53.6610;Исключение из не UI потока String was not recognized as a valid DateTime.;Fatal
2017-02-09 01:51:53.9040;Исключение из не UI потока String was not recognized as a valid DateTime.;Fatal
2017-02-09 01:53:14.9616;Исключение из не UI потока String was not recognized as a valid DateTime.;Fatal
2017-02-09 01:53:15.2506;Исключение из не UI потока String was not recognized as a valid DateTime.;Fatal
2017-02-09 01:59:19.6945;Исключение из не UI потока String was not recognized as a valid DateTime.;Fatal
2017-02-09 01:59:19.9215;Исключение из не UI потока String was not recognized as a valid DateTime.;Fatal
2017-02-09 01:59:24.6108;Исключение из не UI потока String was not recognized as a valid DateTime.;Fatal
2017-02-09 01:59:24.8848;Исключение из не UI потока String was not recognized as a valid DateTime.;Fatal
2017-02-09 02:00:02.0669;Исключение из не UI потока String was not recognized as a valid DateTime.;Fatal
2017-02-09 02:00:02.3339;Исключение из не UI потока String was not recognized as a valid DateTime.;Fatal
2017-02-09 02:02:48.1254;Исключение из не UI потока String was not recognized as a valid DateTime.;Fatal
2017-02-09 02:02:48.3694;Исключение из не UI потока String was not recognized as a valid DateTime.;Fatal
2017-02-09 02:05:35.2400;Исключение из не UI потока String was not recognized as a valid DateTime.;Fatal
2017-02-09 02:05:35.4500;Исключение из не UI потока String was not recognized as a valid DateTime.;Fatal
2017-02-09 02:10:20.3003;2:10:20;Fatal
2017-02-09 02:39:05.9870;Исключение из не UI потока String was not recognized as a valid DateTime.;Fatal
2017-02-09 02:39:06.2350;Исключение из не UI потока String was not recognized as a valid DateTime.;Fatal
2017-02-09 03:10:21.5832;3:10:21;Fatal
2017-02-09 04:10:22.8672;4:10:22;Fatal
2017-02-09 05:10:24.1502;5:10:24;Fatal
2017-02-09 05:49:54.0038;Исключение из не UI потока String was not recognized as a valid DateTime.;Fatal
2017-02-09 05:57:22.8924;Исключение из не UI потока String was not recognized as a valid DateTime.;Fatal
2017-02-09 05:57:23.1494;Исключение из не UI потока String was not recognized as a valid DateTime.;Fatal
2017-02-09 05:57:49.0879;Исключение из не UI потока String was not recognized as a valid DateTime.;Fatal
2017-02-09 05:57:49.3549;Исключение из не UI потока String was not recognized as a valid DateTime.;Fatal
2017-02-09 06:01:03.9811;Исключение из не UI потока String was not recognized as a valid DateTime.;Fatal
2017-02-09 06:01:04.2591;Исключение из не UI потока String was not recognized as a valid DateTime.;Fatal
2017-02-09 06:10:25.4332;6:10:25;Fatal
2017-02-09 07:10:26.7162;7:10:26;Fatal
2017-02-09 07:14:10.4310;Исключение из не UI потока String was not recognized as a valid DateTime.;Fatal
2017-02-09 07:14:10.6890;Исключение из не UI потока String was not recognized as a valid DateTime.;Fatal
2017-02-09 07:14:10.9830;Исключение из не UI потока String was not recognized as a valid DateTime.;Fatal
2017-02-09 08:10:27.9992;8:10:27;Fatal
2017-02-09 09:10:29.2821;9:10:29;Fatal
2017-02-09 10:10:30.5651;10:10:30;Fatal
2017-02-09 11:10:31.8481;11:10:31;Fatal
2017-02-09 11:43:32.0674;Исключение из не UI потока String was not recognized as a valid DateTime.;Fatal
2017-02-09 11:43:35.6106;Исключение из не UI потока String was not recognized as a valid DateTime.;Fatal
2017-02-09 11:44:40.1983;Исключение из не UI потока String was not recognized as a valid DateTime.;Fatal
2017-02-09 12:10:33.1311;12:10:33;Fatal
2017-02-09 13:10:34.4141;13:10:34;Fatal
2017-02-09 14:10:35.6980;14:10:35;Fatal
2017-02-09 15:10:36.9800;15:10:36;Fatal
2017-02-09 16:10:38.2640;16:10:38;Fatal
2017-02-09 17:10:39.5480;17:10:39;Fatal
2017-02-09 18:10:00.8157;18:10:00;Fatal
2017-02-09 18:10:40.8300;18:10:40;Fatal
2017-02-09 19:10:02.0987;19:10:02;Fatal
2017-02-09 19:10:42.1129;19:10:42;Fatal
2017-02-09 20:10:03.3816;20:10:03;Fatal
2017-02-09 20:10:43.3959;20:10:43;Fatal
2017-02-09 21:10:04.6646;21:10:04;Fatal
2017-02-09 21:10:44.6789;21:10:44;Fatal
2017-02-09 22:10:05.9476;22:10:05;Fatal
2017-02-09 22:10:45.9619;22:10:45;Fatal
2017-02-09 23:10:07.2306;23:10:07;Fatal
2017-02-09 23:10:47.2449;23:10:47;Fatal
2017-02-09 23:57:15.6744;Исключение из не UI потока String was not recognized as a valid DateTime.;Fatal
2017-02-09 23:57:15.9914;Исключение из не UI потока String was not recognized as a valid DateTime.;Fatal
2017-02-09 23:57:17.8845;Исключение из не UI потока String was not recognized as a valid DateTime.;Fatal
2017-02-09 23:57:23.1818;Исключение из не UI потока String was not recognized as a valid DateTime.;Fatal
2017-02-09 23:57:26.6130;Исключение из не UI потока String was not recognized as a valid DateTime.;Fatal
2017-02-09 23:57:26.8950;Исключение из не UI потока String was not recognized as a valid DateTime.;Fatal
2017-02-10 00:00:11.9124;Исключение из не UI потока String was not recognized as a valid DateTime.;Fatal
2017-02-10 00:00:16.1397;Исключение из не UI потока String was not recognized as a valid DateTime.;Fatal
2017-02-10 00:00:16.3817;Исключение из не UI потока String was not recognized as a valid DateTime.;Fatal
2017-02-10 00:00:26.1043;Исключение из не UI потока String was not recognized as a valid DateTime.;Fatal
2017-02-10 00:00:29.8925;Исключение из не UI потока String was not recognized as a valid DateTime.;Fatal
2017-02-10 00:00:31.6206;Исключение из не UI потока String was not recognized as a valid DateTime.;Fatal
2017-02-10 00:00:33.0527;Исключение из не UI потока String was not recognized as a valid DateTime.;Fatal
2017-02-10 00:00:34.9158;Исключение из не UI потока String was not recognized as a valid DateTime.;Fatal
2017-02-10 00:00:35.7308;Исключение из не UI потока String was not recognized as a valid DateTime.;Fatal
2017-02-10 00:00:35.9438;Исключение из не UI потока String was not recognized as a valid DateTime.;Fatal
2017-02-10 00:00:36.9699;Исключение из не UI потока String was not recognized as a valid DateTime.;Fatal
2017-02-10 00:00:37.2419;Исключение из не UI потока String was not recognized as a valid DateTime.;Fatal
2017-02-10 00:00:39.0740;Исключение из не UI потока String was not recognized as a valid DateTime.;Fatal
2017-02-10 00:00:39.3190;Исключение из не UI потока String was not recognized as a valid DateTime.;Fatal
2017-02-10 00:00:47.0255;Исключение из не UI потока String was not recognized as a valid DateTime.;Fatal
2017-02-10 00:00:47.2785;Исключение из не UI потока String was not recognized as a valid DateTime.;Fatal
2017-02-10 00:00:48.9936;Исключение из не UI потока String was not recognized as a valid DateTime.;Fatal
2017-02-10 00:00:49.2476;Исключение из не UI потока String was not recognized as a valid DateTime.;Fatal
2017-02-10 00:10:08.5136;0:10:08;Fatal
2017-02-10 00:10:48.5279;0:10:48;Fatal
2017-02-10 01:10:09.7975;1:10:09;Fatal
2017-02-10 01:10:49.8118;1:10:49;Fatal
2017-02-10 02:10:11.0805;2:10:11;Fatal
2017-02-10 02:10:51.0948;2:10:51;Fatal
2017-02-10 03:10:12.3635;3:10:12;Fatal
2017-02-10 03:10:52.3778;3:10:52;Fatal
2017-02-10 04:10:13.6465;4:10:13;Fatal
2017-02-10 04:10:53.6608;4:10:53;Fatal
2017-02-10 05:10:14.9295;5:10:14;Fatal
2017-02-10 05:10:54.9448;5:10:54;Fatal
2017-02-10 06:10:16.2125;6:10:16;Fatal
2017-02-10 06:10:56.2267;6:10:56;Fatal
2017-02-10 07:10:17.4964;7:10:17;Fatal
2017-02-10 07:10:57.5097;7:10:57;Fatal
2017-02-10 08:10:18.7784;8:10:18;Fatal
2017-02-10 08:10:58.7927;8:10:58;Fatal
2017-02-10 09:10:20.0624;9:10:20;Fatal
2017-02-10 10:10:21.3444;10:10:21;Fatal
2017-02-10 11:10:22.6284;11:10:22;Fatal
2017-02-10 12:10:23.9113;12:10:23;Fatal
2017-02-10 13:10:25.1943;13:10:25;Fatal
2017-02-10 14:10:26.4773;14:10:26;Fatal
2017-02-10 15:10:27.7603;15:10:27;Fatal
2017-02-10 16:10:29.0433;16:10:29;Fatal
2017-02-10 17:10:30.3263;17:10:30;Fatal
2017-02-10 18:10:31.6092;18:10:31;Fatal
2017-02-10 19:10:32.8932;19:10:32;Fatal
2017-02-10 20:03:40.2695;Исключение из не UI потока String was not recognized as a valid DateTime.;Fatal
2017-02-10 20:10:34.1752;20:10:34;Fatal
2017-02-10 21:10:35.4602;21:10:35;Fatal
2017-02-10 22:10:36.7422;22:10:36;Fatal
2017-02-10 23:10:38.0251;23:10:38;Fatal
2017-02-11 00:01:11.6177;Исключение из не UI потока String was not recognized as a valid DateTime.;Fatal
2017-02-11 00:10:39.3081;0:10:39;Fatal
2017-02-11 00:34:54.6334;Исключение из не UI потока String was not recognized as a valid DateTime.;Fatal
2017-02-11 00:35:03.5889;Исключение из не UI потока String was not recognized as a valid DateTime.;Fatal
2017-02-11 00:36:15.4490;Исключение из не UI потока String was not recognized as a valid DateTime.;Fatal
2017-02-11 00:37:04.0378;Исключение из не UI потока String was not recognized as a valid DateTime.;Fatal
2017-02-11 00:39:33.8993;Исключение из не UI потока String was not recognized as a valid DateTime.;Fatal
2017-02-11 01:10:00.5768;1:10:00;Fatal
2017-02-11 01:10:40.5911;1:10:40;Fatal
2017-02-11 02:10:01.8598;2:10:01;Fatal
2017-02-11 02:10:41.8741;2:10:41;Fatal
2017-02-11 03:10:03.1428;3:10:03;Fatal
2017-02-11 03:10:43.1571;3:10:43;Fatal
2017-02-11 04:10:04.4258;4:10:04;Fatal
2017-02-11 04:10:44.4401;4:10:44;Fatal
2017-02-11 05:10:05.7087;5:10:05;Fatal
2017-02-11 05:10:45.7230;5:10:45;Fatal
2017-02-11 06:10:06.9927;6:10:06;Fatal
2017-02-11 06:10:47.0070;6:10:47;Fatal
2017-02-11 06:53:20.7091;Исключение из не UI потока String was not recognized as a valid DateTime.;Fatal
2017-02-11 06:53:28.5275;Исключение из не UI потока String was not recognized as a valid DateTime.;Fatal
2017-02-11 07:04:19.7918;Исключение из не UI потока String was not recognized as a valid DateTime.;Fatal
2017-02-11 07:10:08.2757;7:10:08;Fatal
2017-02-11 07:10:48.2910;7:10:48;Fatal
2017-02-11 08:10:09.5587;8:10:09;Fatal
2017-02-11 08:10:49.5740;8:10:49;Fatal
2017-02-11 09:10:10.8417;9:10:10;Fatal
2017-02-11 09:10:50.8560;9:10:50;Fatal
2017-02-11 09:17:19.4632;Исключение из не UI потока String was not recognized as a valid DateTime.;Fatal
2017-02-11 09:17:30.1348;Исключение из не UI потока String was not recognized as a valid DateTime.;Fatal
2017-02-11 09:17:34.2870;Исключение из не UI потока String was not recognized as a valid DateTime.;Fatal
2017-02-11 09:17:40.6154;Исключение из не UI потока String was not recognized as a valid DateTime.;Fatal
2017-02-11 09:18:19.8306;Исключение из не UI потока String was not recognized as a valid DateTime.;Fatal
2017-02-11 09:18:21.8428;Исключение из не UI потока String was not recognized as a valid DateTime.;Fatal
2017-02-11 09:18:22.2368;Исключение из не UI потока String was not recognized as a valid DateTime.;Fatal
2017-02-11 09:18:22.4408;Исключение из не UI потока String was not recognized as a valid DateTime.;Fatal
2017-02-11 09:19:09.8455;Исключение из не UI потока String was not recognized as a valid DateTime.;Fatal
2017-02-11 09:19:10.2015;Исключение из не UI потока String was not recognized as a valid DateTime.;Fatal
2017-02-11 09:19:10.3635;Исключение из не UI потока String was not recognized as a valid DateTime.;Fatal
2017-02-11 09:19:10.5815;Исключение из не UI потока String was not recognized as a valid DateTime.;Fatal
2017-02-11 09:19:12.9147;Исключение из не UI потока String was not recognized as a valid DateTime.;Fatal
2017-02-11 09:19:13.2427;Исключение из не UI потока String was not recognized as a valid DateTime.;Fatal
2017-02-10 23:59:39.1514;Исключение из не UI потока String was not recognized as a valid DateTime.;Fatal
2017-02-11 00:00:06.1089;Исключение из не UI потока String was not recognized as a valid DateTime.;Fatal
2017-02-11 00:00:06.9119;Исключение из не UI потока String was not recognized as a valid DateTime.;Fatal
2017-02-11 00:00:07.0950;Исключение из не UI потока String was not recognized as a valid DateTime.;Fatal
2017-02-11 00:00:30.0743;Исключение из не UI потока String was not recognized as a valid DateTime.;Fatal
2017-02-11 00:00:30.4683;Исключение из не UI потока String was not recognized as a valid DateTime.;Fatal
2017-02-11 00:02:24.2868;Исключение из не UI потока String was not recognized as a valid DateTime.;Fatal
2017-02-11 00:02:25.2799;Исключение из не UI потока String was not recognized as a valid DateTime.;Fatal
2017-02-11 00:03:16.8118;Исключение из не UI потока String was not recognized as a valid DateTime.;Fatal
2017-02-11 00:03:17.2868;Исключение из не UI потока String was not recognized as a valid DateTime.;Fatal
2017-02-11 00:03:17.4428;Исключение из не UI потока String was not recognized as a valid DateTime.;Fatal
2017-02-11 00:03:17.6449;Исключение из не UI потока String was not recognized as a valid DateTime.;Fatal
2017-02-11 00:04:16.5472;Исключение из не UI потока String was not recognized as a valid DateTime.;Fatal
2017-02-11 00:04:17.0623;Исключение из не UI потока String was not recognized as a valid DateTime.;Fatal
2017-02-11 00:04:17.2293;Исключение из не UI потока String was not recognized as a valid DateTime.;Fatal
2017-02-11 00:05:24.8139;Исключение из не UI потока String was not recognized as a valid DateTime.;Fatal
2017-02-11 00:05:25.3499;Исключение из не UI потока String was not recognized as a valid DateTime.;Fatal
2017-02-11 00:05:25.5219;Исключение из не UI потока String was not recognized as a valid DateTime.;Fatal
2017-02-11 09:25:41.2611;Исключение из не UI потока String was not recognized as a valid DateTime.;Fatal
2017-02-11 09:25:41.5651;Исключение из не UI потока String was not recognized as a valid DateTime.;Fatal
2017-02-11 09:25:41.7401;Исключение из не UI потока String was not recognized as a valid DateTime.;Fatal
2017-02-11 09:27:31.9624;Исключение из не UI потока String was not recognized as a valid DateTime.;Fatal
2017-02-11 09:28:21.2162;Исключение из не UI потока String was not recognized as a valid DateTime.;Fatal
2017-02-11 12:10:19.3917;12:10:19;Fatal
2017-02-11 12:10:59.4049;12:10:59;Fatal
2017-02-11 13:10:21.1897;13:10:21;Fatal
2017-02-11 14:10:03.9086;14:10:03;Fatal
2017-02-11 14:10:43.9219;14:10:43;Fatal
2017-02-11 15:10:03.7105;15:10:03;Fatal
2017-02-11 15:10:43.7238;15:10:43;Fatal
2017-02-11 16:10:04.9925;16:10:04;Fatal
2017-02-11 16:10:45.0068;16:10:45;Fatal
2017-02-11 17:10:06.2754;17:10:06;Fatal
2017-02-11 17:10:46.2897;17:10:46;Fatal
2017-02-11 18:10:07.5584;18:10:07;Fatal
2017-02-11 18:10:47.5727;18:10:47;Fatal
2017-02-11 19:10:08.8414;19:10:08;Fatal
2017-02-11 19:10:48.8567;19:10:48;Fatal
2017-02-11 20:10:10.1244;20:10:10;Fatal
2017-02-11 20:10:50.1387;20:10:50;Fatal
2017-02-11 21:10:11.4084;21:10:11;Fatal
2017-02-11 21:10:51.4217;21:10:51;Fatal
2017-02-11 22:10:12.6904;22:10:12;Fatal
2017-02-11 22:10:52.7046;22:10:52;Fatal
2017-02-11 23:10:13.9743;23:10:13;Fatal
2017-02-11 23:10:53.9876;23:10:53;Fatal
2017-02-12 00:10:15.2573;0:10:15;Fatal
2017-02-12 00:10:55.2706;0:10:55;Fatal
2017-02-12 01:10:22.1106;1:10:22;Fatal
2017-02-12 02:10:23.3926;2:10:23;Fatal
2017-02-12 03:10:24.6756;3:10:24;Fatal
2017-02-12 04:10:25.9586;4:10:25;Fatal
2017-02-12 05:10:27.2415;5:10:27;Fatal
2017-02-12 06:10:28.5245;6:10:28;Fatal
2017-02-12 07:10:29.8085;7:10:29;Fatal
2017-02-12 08:10:31.0915;8:10:31;Fatal
2017-02-12 09:10:32.3735;9:10:32;Fatal
2017-02-12 10:10:33.6565;10:10:33;Fatal
2017-02-12 11:10:34.9404;11:10:34;Fatal
2017-02-12 12:10:36.2234;12:10:36;Fatal
2017-02-12 13:10:37.5064;13:10:37;Fatal
2017-02-12 14:10:07.2476;14:10:07;Fatal
2017-02-12 14:10:47.2599;14:10:47;Fatal
2017-02-12 15:10:24.4047;15:10:24;Fatal
2017-02-12 16:10:25.6857;16:10:25;Fatal
2017-02-12 17:10:26.9687;17:10:26;Fatal
2017-02-12 18:10:28.2516;18:10:28;Fatal
2017-02-12 19:10:29.5346;19:10:29;Fatal
2017-02-12 20:10:30.8176;20:10:30;Fatal
2017-02-12 21:10:32.1016;21:10:32;Fatal
2017-02-12 22:10:22.2309;22:10:22;Fatal
2017-02-12 23:10:23.5129;23:10:23;Fatal
2017-02-13 00:10:24.7959;0:10:24;Fatal
2017-02-13 01:10:26.0789;1:10:26;Fatal
2017-02-13 02:10:27.3629;2:10:27;Fatal
2017-02-13 03:10:28.6458;3:10:28;Fatal
2017-02-13 04:10:29.9298;4:10:29;Fatal
2017-02-13 05:10:31.2118;5:10:31;Fatal
2017-02-13 06:10:32.4948;6:10:32;Fatal
2017-02-13 07:10:33.7788;7:10:33;Fatal
2017-02-13 08:10:32.0356;8:10:32;Fatal
2017-02-13 09:10:33.3175;9:10:33;Fatal
2017-02-13 10:10:34.6015;10:10:34;Fatal
2017-02-13 11:10:35.8835;11:10:35;Fatal
2017-02-13 12:10:37.1675;12:10:37;Fatal
2017-02-13 13:10:38.4495;13:10:38;Fatal
2017-02-13 14:10:39.7335;14:10:39;Fatal
2017-02-13 15:10:10.6747;15:10:10;Fatal
2017-02-13 15:10:50.6880;15:10:50;Fatal
2017-02-13 16:10:15.1409;16:10:15;Fatal
2017-02-13 16:10:55.1552;16:10:55;Fatal
2017-02-13 17:10:16.4228;17:10:16;Fatal
2017-02-13 17:10:56.4381;17:10:56;Fatal
2017-02-13 18:10:17.7058;18:10:17;Fatal
2017-02-13 18:10:57.7201;18:10:57;Fatal
2017-02-13 19:10:34.6837;19:10:34;Fatal
2017-02-13 20:10:35.9657;20:10:35;Fatal
2017-02-13 21:10:37.2487;21:10:37;Fatal
2017-02-14 00:10:34.7416;0:10:34;Fatal
2017-02-14 01:10:36.0236;1:10:36;Fatal
2017-02-14 02:10:37.3066;2:10:37;Fatal
2017-02-14 03:10:38.5896;3:10:38;Fatal
2017-02-14 04:10:39.8726;4:10:39;Fatal
2017-02-14 05:10:01.1413;5:10:01;Fatal
2017-02-14 05:10:41.1565;5:10:41;Fatal
2017-02-14 06:10:02.4242;6:10:02;Fatal
2017-02-14 06:10:42.4385;6:10:42;Fatal
2017-02-14 07:10:03.7072;7:10:03;Fatal
2017-02-14 07:10:43.7215;7:10:43;Fatal
2017-02-14 08:10:04.9912;8:10:04;Fatal
2017-02-14 08:10:45.0045;8:10:45;Fatal
2017-02-14 09:10:06.2742;9:10:06;Fatal
2017-02-14 09:10:46.2885;9:10:46;Fatal
2017-02-14 10:10:07.5572;10:10:07;Fatal
2017-02-14 10:10:47.5715;10:10:47;Fatal
2017-02-14 11:10:08.8401;11:10:08;Fatal
2017-02-14 11:10:48.8544;11:10:48;Fatal
2017-02-14 12:10:07.8310;12:10:07;Fatal
2017-02-14 12:10:47.8443;12:10:47;Fatal
2017-02-14 13:10:09.1130;13:10:09;Fatal
2017-02-14 13:10:49.1273;13:10:49;Fatal
2017-02-14 14:10:10.3960;14:10:10;Fatal
2017-02-14 14:10:50.4103;14:10:50;Fatal
2017-02-14 15:10:11.6789;15:10:11;Fatal
2017-02-14 15:10:51.6932;15:10:51;Fatal
2017-02-14 16:10:12.9619;16:10:12;Fatal
2017-02-14 16:10:52.9762;16:10:52;Fatal
2017-02-14 17:10:14.2449;17:10:14;Fatal
2017-02-14 17:10:54.2592;17:10:54;Fatal
2017-02-14 18:10:35.3758;18:10:35;Fatal
2017-02-14 19:10:20.1379;19:10:20;Fatal
2017-02-14 20:10:21.4208;20:10:21;Fatal
2017-02-14 21:10:22.7028;21:10:22;Fatal
2017-02-14 22:10:09.9269;22:10:09;Fatal
2017-02-14 22:10:49.9402;22:10:49;Fatal
2017-02-14 23:10:10.4609;23:10:10;Fatal
2017-02-14 23:10:50.4742;23:10:50;Fatal
2017-02-15 00:10:11.7429;0:10:11;Fatal
2017-02-15 00:10:51.7572;0:10:51;Fatal
2017-02-15 01:10:13.0258;1:10:13;Fatal
2017-02-15 01:10:53.0411;1:10:53;Fatal
2017-02-15 02:10:14.3098;2:10:14;Fatal
2017-02-15 02:10:54.3231;2:10:54;Fatal
2017-02-15 03:10:15.5918;3:10:15;Fatal
2017-02-15 03:10:55.6061;3:10:55;Fatal
2017-02-15 04:10:16.8768;4:10:16;Fatal
2017-02-15 04:10:56.8901;4:10:56;Fatal
2017-02-15 05:10:18.1588;5:10:18;Fatal
2017-02-15 05:10:58.1731;5:10:58;Fatal
2017-02-15 06:10:19.4418;6:10:19;Fatal
2017-02-15 06:10:59.4560;6:10:59;Fatal
2017-02-15 07:10:20.7247;7:10:20;Fatal
2017-02-15 08:10:22.0077;8:10:22;Fatal
2017-02-15 09:10:23.2907;9:10:23;Fatal
2017-02-15 10:10:24.5737;10:10:24;Fatal
2017-02-15 11:10:25.8567;11:10:25;Fatal
2017-02-15 12:10:27.1396;12:10:27;Fatal
2017-02-15 13:10:28.4226;13:10:28;Fatal
2017-02-15 14:10:29.7066;14:10:29;Fatal
2017-02-15 15:10:30.9906;15:10:30;Fatal
2017-02-15 16:10:32.2736;16:10:32;Fatal
2017-02-15 17:10:33.5555;17:10:33;Fatal
2017-02-15 18:10:01.0966;18:10:01;Fatal
2017-02-15 18:10:41.1099;18:10:41;Fatal
2017-02-15 19:10:37.5266;19:10:37;Fatal
2017-02-15 20:10:38.8086;20:10:38;Fatal
2017-02-15 21:10:00.0783;21:10:00;Fatal
2017-02-15 21:10:40.0916;21:10:40;Fatal
2017-02-15 22:10:01.3602;22:10:01;Fatal
2017-02-15 22:10:41.3745;22:10:41;Fatal
2017-02-15 23:10:02.6432;23:10:02;Fatal
2017-02-15 23:10:42.6575;23:10:42;Fatal
2017-02-16 00:10:03.9272;0:10:03;Fatal
2017-02-16 00:10:43.9415;0:10:43;Fatal
2017-02-16 01:10:05.2102;1:10:05;Fatal
2017-02-16 01:10:45.2245;1:10:45;Fatal
2017-02-16 02:10:06.4932;2:10:06;Fatal
2017-02-16 02:10:46.5075;2:10:46;Fatal
2017-02-16 03:10:07.7762;3:10:07;Fatal
2017-02-16 03:10:47.7904;3:10:47;Fatal
2017-02-16 04:10:09.0591;4:10:09;Fatal
2017-02-16 04:10:49.0734;4:10:49;Fatal
2017-02-16 05:10:10.3421;5:10:10;Fatal
2017-02-16 05:10:50.3564;5:10:50;Fatal
2017-02-16 06:10:11.6251;6:10:11;Fatal
2017-02-16 06:10:51.6394;6:10:51;Fatal
2017-02-16 07:10:12.9081;7:10:12;Fatal
2017-02-16 07:10:52.9224;7:10:52;Fatal
2017-02-16 08:10:14.1911;8:10:14;Fatal
2017-02-16 08:10:54.2054;8:10:54;Fatal
2017-02-16 09:10:15.4750;9:10:15;Fatal
2017-02-16 09:10:55.4883;9:10:55;Fatal
2017-02-16 10:10:16.7580;10:10:16;Fatal
2017-02-16 10:10:56.7723;10:10:56;Fatal
2017-02-16 11:10:18.0410;11:10:18;Fatal
2017-02-16 11:10:58.0553;11:10:58;Fatal
2017-02-16 12:10:19.3240;12:10:19;Fatal
2017-02-16 12:10:59.3383;12:10:59;Fatal
2017-02-16 13:10:15.1637;13:10:15;Fatal
2017-02-16 13:10:55.1770;13:10:55;Fatal
2017-02-16 14:10:19.0828;14:10:19;Fatal
2017-02-16 14:10:59.0961;14:10:59;Fatal
2017-02-16 15:10:08.0421;15:10:08;Fatal
2017-02-16 15:10:48.0554;15:10:48;Fatal
2017-02-16 16:10:13.5463;16:10:13;Fatal
2017-02-16 16:10:53.5606;16:10:53;Fatal
2017-02-16 17:10:14.8283;17:10:14;Fatal
2017-02-16 17:10:54.8436;17:10:54;Fatal
2017-02-16 18:10:16.1113;18:10:16;Fatal
2017-02-16 18:10:56.1256;18:10:56;Fatal
2017-02-16 19:10:17.3943;19:10:17;Fatal
2017-02-16 19:10:57.4086;19:10:57;Fatal
2017-02-16 20:10:18.6783;20:10:18;Fatal
2017-02-16 20:10:58.6916;20:10:58;Fatal
2017-02-16 21:10:19.9603;21:10:19;Fatal
2017-02-16 21:10:59.9745;21:10:59;Fatal
2017-02-16 22:10:21.2432;22:10:21;Fatal
2017-02-16 23:10:22.5262;23:10:22;Fatal
2017-02-17 00:10:23.8092;0:10:23;Fatal
2017-02-17 01:10:25.0932;1:10:25;Fatal
2017-02-17 02:10:26.3762;2:10:26;Fatal
2017-02-17 03:10:27.6591;3:10:27;Fatal
2017-02-17 04:10:28.9421;4:10:28;Fatal
2017-02-17 05:10:30.2251;5:10:30;Fatal
2017-02-17 06:10:31.5081;6:10:31;Fatal
2017-02-17 07:10:32.7911;7:10:32;Fatal
2017-02-17 08:10:34.0740;8:10:34;Fatal
2017-02-17 09:10:35.3580;9:10:35;Fatal
2017-02-17 10:10:36.6410;10:10:36;Fatal
2017-02-17 11:10:37.9240;11:10:37;Fatal
2017-02-17 12:10:39.2070;12:10:39;Fatal
2017-02-17 13:10:00.4757;13:10:00;Fatal
2017-02-17 13:10:40.4900;13:10:40;Fatal
2017-02-17 14:10:01.7587;14:10:01;Fatal
2017-02-17 14:10:41.7729;14:10:41;Fatal
2017-02-17 15:10:03.0416;15:10:03;Fatal
2017-02-17 15:10:43.0559;15:10:43;Fatal
2017-02-17 18:10:39.5810;18:10:39;Fatal
2017-02-17 19:10:38.1357;19:10:38;Fatal
2017-02-17 20:10:38.7114;20:10:38;Fatal
2017-02-17 21:10:39.1510;21:10:39;Fatal
2017-02-17 22:10:29.4314;22:10:29;Fatal
2017-02-17 23:10:47.0813;23:10:47;Fatal
2017-02-18 00:10:07.6189;0:10:07;Fatal
2017-02-18 00:10:47.6191;0:10:47;Fatal
2017-02-18 01:10:08.0891;1:10:08;Fatal
2017-02-18 01:10:48.1059;1:10:48;Fatal
2017-02-18 02:10:08.6015;2:10:08;Fatal
2017-02-18 02:10:48.6019;2:10:48;Fatal
2017-02-18 03:10:09.1051;3:10:09;Fatal
2017-02-18 03:10:49.1205;3:10:49;Fatal
2017-02-18 04:10:09.6810;4:10:09;Fatal
2017-02-18 04:10:49.6813;4:10:49;Fatal
2017-02-18 05:10:31.7762;5:10:31;Fatal
2017-02-18 06:10:32.2132;6:10:32;Fatal
2017-02-18 07:10:32.6956;7:10:32;Fatal
2017-02-18 08:10:27.1827;8:10:27;Fatal
2017-02-18 09:10:27.6027;9:10:27;Fatal
2017-02-18 10:10:02.1639;10:10:02;Fatal
2017-02-18 10:10:42.1640;10:10:42;Fatal
2017-02-18 11:10:02.6819;11:10:02;Fatal
2017-02-18 11:10:42.6825;11:10:42;Fatal
2017-02-18 12:10:31.1667;12:10:31;Fatal
2017-02-18 13:10:31.6491;13:10:31;Fatal
2017-02-18 14:10:32.1960;14:10:32;Fatal
2017-02-18 15:10:12.4800;15:10:12;Fatal
2017-02-18 15:10:52.4802;15:10:52;Fatal
2017-02-18 16:10:33.3378;16:10:33;Fatal
2017-02-18 17:10:33.8050;17:10:33;Fatal
2017-02-18 18:10:37.2767;18:10:37;Fatal
2017-02-18 19:10:37.6975;19:10:37;Fatal
2017-02-18 20:10:00.1185;20:10:00;Fatal
2017-02-18 20:10:40.1204;20:10:40;Fatal
2017-02-18 20:46:45.5344;?????????? ?? ?? UI ?????? Object reference not set to an instance of an object.;Fatal
2017-02-18 20:46:48.2844;?????????? ?? ?? UI ?????? Object reference not set to an instance of an object.;Fatal
2017-02-18 20:47:10.0665;?????????? ?? ?? UI ?????? Object reference not set to an instance of an object.;Fatal
2017-02-18 20:47:11.2406;?????????? ?? ?? UI ?????? Object reference not set to an instance of an object.;Fatal
2017-02-18 20:47:11.7845;?????????? ?? ?? UI ?????? Object reference not set to an instance of an object.;Fatal
2017-02-18 21:10:11.6022;21:10:11;Fatal
2017-02-18 21:10:51.6024;21:10:51;Fatal
2017-02-18 22:10:21.7906;22:10:21;Fatal
2017-02-18 23:10:24.9935;23:10:24;Fatal
2017-02-19 00:10:25.4927;0:10:25;Fatal
2017-02-19 01:10:26.0095;1:10:26;Fatal
2017-02-19 02:10:26.5097;2:10:26;Fatal
2017-02-19 03:10:26.9791;3:10:26;Fatal
2017-02-19 04:10:27.3693;4:10:27;Fatal
2017-02-19 05:10:27.9021;5:10:27;Fatal
2017-02-19 06:10:35.8992;6:10:35;Fatal
2017-02-19 07:10:36.4629;7:10:36;Fatal
2017-02-19 08:10:03.2908;8:10:03;Fatal
2017-02-19 08:10:43.2921;8:10:43;Fatal
2017-02-19 09:10:03.7926;9:10:03;Fatal
2017-02-19 09:10:43.8048;9:10:43;Fatal
2017-02-19 10:10:06.0262;10:10:06;Fatal
2017-02-19 10:10:46.0263;10:10:46;Fatal
2017-02-19 11:10:26.0869;11:10:26;Fatal
2017-02-19 12:10:19.3528;12:10:19;Fatal
2017-02-19 12:10:59.3528;12:10:59;Fatal
2017-02-19 13:10:03.1042;13:10:03;Fatal
2017-02-19 13:10:43.1174;13:10:43;Fatal
2017-02-19 14:10:03.6180;14:10:03;Fatal
2017-02-19 14:10:43.6202;14:10:43;Fatal
2017-02-19 15:10:30.1974;15:10:30;Fatal
2017-02-19 16:10:06.6990;16:10:06;Fatal
2017-02-19 16:26:29.3759;?????????? ?? ?? UI ?????? Object reference not set to an instance of an object.;Fatal
2017-02-19 16:27:25.2128;?????????? ?? ?? UI ?????? Object reference not set to an instance of an object.;Fatal
2017-02-19 16:27:28.4776;?????????? ?? ?? UI ?????? Object reference not set to an instance of an object.;Fatal
2017-02-19 16:27:29.0987;?????????? ?? ?? UI ?????? Object reference not set to an instance of an object.;Fatal
2017-02-19 16:27:32.0831;?????????? ?? ?? UI ?????? Object reference not set to an instance of an object.;Fatal
2017-02-19 17:10:26.7275;17:10:26;Fatal
2017-02-19 18:10:27.2307;18:10:27;Fatal
2017-02-19 19:10:27.7131;19:10:27;Fatal
2017-02-19 20:10:28.1653;20:10:28;Fatal
2017-02-19 21:10:28.6203;21:10:28;Fatal
2017-02-19 22:10:31.1654;22:10:31;Fatal
2017-02-19 23:10:31.6818;23:10:31;Fatal
2017-02-20 00:10:32.1817;0:10:32;Fatal
2017-02-20 01:10:32.7303;1:10:32;Fatal
2017-02-20 02:10:33.2753;2:10:33;Fatal
2017-02-20 03:10:33.7585;3:10:33;Fatal
2017-02-20 04:10:34.2257;4:10:34;Fatal
2017-02-20 05:10:34.6803;5:10:34;Fatal
2017-02-20 06:10:35.0885;6:10:35;Fatal
2017-02-20 07:10:35.5567;7:10:35;Fatal
2017-02-20 08:10:36.0567;8:10:36;Fatal
2017-02-20 09:10:36.6039;9:10:36;Fatal
2017-02-20 10:10:37.1660;10:10:37;Fatal
2017-02-20 11:10:37.7438;11:10:37;Fatal
2017-02-20 12:10:38.2440;12:10:38;Fatal
2017-02-20 13:10:38.7913;13:10:38;Fatal
2017-02-20 14:10:39.2433;14:10:39;Fatal
2017-02-20 15:10:39.7597;15:10:39;Fatal
2017-02-20 16:10:00.2765;16:10:00;Fatal
2017-02-20 16:10:40.2763;16:10:40;Fatal
2017-02-20 17:10:00.8211;17:10:00;Fatal
2017-02-20 17:10:40.8222;17:10:40;Fatal
2017-02-20 18:10:01.3462;18:10:01;Fatal
2017-02-20 18:10:41.3524;18:10:41;Fatal
2017-02-20 19:10:01.7904;19:10:01;Fatal
2017-02-20 19:10:41.7906;19:10:41;Fatal
2017-02-20 20:10:02.3533;20:10:02;Fatal
2017-02-20 20:10:42.3540;20:10:42;Fatal
2017-02-20 21:10:02.8713;21:10:02;Fatal
2017-02-20 21:10:42.8856;21:10:42;Fatal
2017-02-20 22:10:03.3072;22:10:03;Fatal
2017-02-20 22:10:43.3224;22:10:43;Fatal
2017-02-20 23:10:03.7594;23:10:03;Fatal
2017-02-20 23:10:43.7602;23:10:43;Fatal
2017-02-21 00:10:11.2609;0:10:11;Fatal
2017-02-21 00:10:51.2613;0:10:51;Fatal
2017-02-21 01:10:11.7925;1:10:11;Fatal
2017-02-21 01:10:51.8071;1:10:51;Fatal
2017-02-21 02:10:26.1324;2:10:26;Fatal
2017-02-21 03:10:26.7564;3:10:26;Fatal
2017-02-21 04:10:27.4515;4:10:27;Fatal
2017-02-21 05:10:28.1206;5:10:28;Fatal
2017-02-21 06:10:28.5886;6:10:28;Fatal
2017-02-21 07:10:29.1045;7:10:29;Fatal
2017-02-21 08:10:29.5717;8:10:29;Fatal
2017-02-21 09:10:30.0721;9:10:30;Fatal
2017-02-21 10:10:30.4798;10:10:30;Fatal
2017-02-21 11:10:31.0245;11:10:31;Fatal
2017-02-21 12:10:31.5711;12:10:31;Fatal
2017-02-21 13:10:32.1028;13:10:32;Fatal
2017-02-21 14:10:32.6520;14:10:32;Fatal
2017-02-21 15:10:33.0255;15:10:33;Fatal
2017-02-21 16:10:33.5578;16:10:33;Fatal
2017-02-21 17:10:33.9629;17:10:33;Fatal
2017-02-21 18:10:34.4007;18:10:34;Fatal
2017-02-21 19:10:34.8063;19:10:34;Fatal
2017-02-21 20:10:35.4027;20:10:35;Fatal
2017-02-21 21:10:35.8245;21:10:35;Fatal
2017-02-21 22:10:36.3539;22:10:36;Fatal
2017-02-21 23:10:36.8535;23:10:36;Fatal
2017-02-22 00:10:37.3217;0:10:37;Fatal
2017-02-22 01:10:37.8374;1:10:37;Fatal
2017-02-22 02:10:38.2461;2:10:38;Fatal
2017-02-22 03:10:38.7465;3:10:38;Fatal
2017-02-22 04:10:39.1973;4:10:39;Fatal
2017-02-22 05:10:39.6832;5:10:39;Fatal
2017-02-22 06:10:00.2134;6:10:00;Fatal
2017-02-22 06:10:40.2287;6:10:40;Fatal
2017-02-22 07:10:00.6966;7:10:00;Fatal
2017-02-22 07:10:40.6960;7:10:40;Fatal
2017-02-22 08:10:01.2909;8:10:01;Fatal
2017-02-22 08:10:41.3058;8:10:41;Fatal
2017-02-22 09:10:04.0711;9:10:04;Fatal
2017-02-22 09:10:44.0713;9:10:44;Fatal
2017-02-22 10:10:04.5576;10:10:04;Fatal
2017-02-22 10:10:44.5573;10:10:44;Fatal
2017-02-22 11:10:05.0115;11:10:05;Fatal
2017-02-22 11:10:45.0127;11:10:45;Fatal
2017-02-22 12:10:05.5408;12:10:05;Fatal
2017-02-22 12:10:45.5418;12:10:45;Fatal
2017-02-22 13:10:05.9943;13:10:05;Fatal
2017-02-22 13:10:46.0095;13:10:46;Fatal
2017-02-22 14:10:06.4493;14:10:06;Fatal
2017-02-22 14:10:46.4615;14:10:46;Fatal
2017-02-22 15:10:07.0244;15:10:07;Fatal
2017-02-22 15:10:47.0246;15:10:47;Fatal
2017-02-22 16:10:07.4624;16:10:07;Fatal
2017-02-22 16:10:47.4635;16:10:47;Fatal
2017-02-22 17:10:07.9776;17:10:07;Fatal
2017-02-22 17:10:47.9806;17:10:47;Fatal
2017-02-22 18:10:08.3685;18:10:08;Fatal
2017-02-22 18:10:48.3678;18:10:48;Fatal
2017-02-22 19:10:08.8850;19:10:08;Fatal
2017-02-22 19:10:48.8993;19:10:48;Fatal
2017-02-22 20:10:09.3696;20:10:09;Fatal
2017-02-22 20:10:49.3837;20:10:49;Fatal
2017-02-22 21:10:09.9008;21:10:09;Fatal
2017-02-22 21:10:49.9019;21:10:49;Fatal
2017-02-22 22:10:10.4458;22:10:10;Fatal
2017-02-22 22:10:50.4468;22:10:50;Fatal
2017-02-22 23:10:11.0095;23:10:11;Fatal
2017-02-22 23:10:51.0129;23:10:51;Fatal
2017-02-23 00:10:11.5421;0:10:11;Fatal
2017-02-23 00:10:51.5569;0:10:51;Fatal
2017-02-23 01:10:12.0099;1:10:12;Fatal
2017-02-23 01:10:52.0129;1:10:52;Fatal
2017-02-23 02:10:12.6038;2:10:12;Fatal
2017-02-23 02:10:52.6052;2:10:52;Fatal
2017-02-23 03:10:13.0558;3:10:13;Fatal
2017-02-23 03:10:53.0561;3:10:53;Fatal
2017-02-23 04:10:13.4617;4:10:13;Fatal
2017-02-23 04:10:53.4629;4:10:53;Fatal
2017-02-23 05:10:13.8993;5:10:13;Fatal
2017-02-23 05:10:53.9005;5:10:53;Fatal
2017-02-23 06:10:14.3534;6:10:14;Fatal
2017-02-23 06:10:54.3539;6:10:54;Fatal
2017-02-23 07:10:14.8835;7:10:14;Fatal
2017-02-23 07:10:54.8971;7:10:54;Fatal
2017-02-23 08:10:15.3211;8:10:15;Fatal
2017-02-23 08:10:55.3245;8:10:55;Fatal
2017-02-23 09:10:15.8053;9:10:15;Fatal
2017-02-23 09:10:55.8065;9:10:55;Fatal
2017-02-23 10:10:16.2907;10:10:16;Fatal
2017-02-23 10:10:56.3061;10:10:56;Fatal
2017-02-23 11:10:16.7129;11:10:16;Fatal
2017-02-23 11:10:56.7287;11:10:56;Fatal
2017-02-23 12:10:17.2597;12:10:17;Fatal
2017-02-23 12:10:57.2757;12:10:57;Fatal
2017-02-23 13:10:17.7275;13:10:17;Fatal
2017-02-23 13:10:57.7271;13:10:57;Fatal
2017-02-23 14:10:18.1825;14:10:18;Fatal
2017-02-23 14:10:58.1831;14:10:58;Fatal
2017-02-23 15:10:18.6495;15:10:18;Fatal
2017-02-23 15:10:58.6491;15:10:58;Fatal
2017-02-23 16:10:19.0739;16:10:19;Fatal
2017-02-23 16:10:59.0869;16:10:59;Fatal
2017-02-23 17:10:19.5869;17:10:19;Fatal
2017-02-23 17:10:59.5877;17:10:59;Fatal
2017-02-23 18:10:16.7787;18:10:16;Fatal
2017-02-23 18:10:56.7911;18:10:56;Fatal
2017-02-23 19:10:17.3227;19:10:17;Fatal
2017-02-23 19:10:57.3247;19:10:57;Fatal
2017-02-23 20:10:17.7925;20:10:17;Fatal
2017-02-23 20:10:57.8051;20:10:57;Fatal
2017-02-23 21:10:18.3254;21:10:18;Fatal
2017-02-23 21:10:58.3407;21:10:58;Fatal
2017-02-23 22:10:18.8714;22:10:18;Fatal
2017-02-23 22:10:58.8838;22:10:58;Fatal
2017-02-23 23:10:19.2932;23:10:19;Fatal
2017-02-23 23:10:59.3060;23:10:59;Fatal
2017-02-24 00:10:19.8380;0:10:19;Fatal
2017-02-24 00:10:59.8397;0:10:59;Fatal
2017-02-24 01:10:20.3855;1:10:20;Fatal
2017-02-24 02:10:20.9025;2:10:20;Fatal
2017-02-24 03:10:21.3877;3:10:21;Fatal
2017-02-24 04:10:21.9000;4:10:21;Fatal
2017-02-24 05:10:22.3089;5:10:22;Fatal
2017-02-24 06:10:22.8539;6:10:22;Fatal
2017-02-24 07:10:23.2611;7:10:23;Fatal
2017-02-24 08:10:23.6974;8:10:23;Fatal
2017-02-24 09:10:24.1192;9:10:24;Fatal
2017-02-24 10:10:24.5720;10:10:24;Fatal
2017-02-24 11:10:25.0726;11:10:25;Fatal
2017-02-24 12:10:25.6183;12:10:25;Fatal
2017-02-24 13:10:26.0570;13:10:26;Fatal
2017-02-24 14:10:26.5096;14:10:26;Fatal
2017-02-24 15:10:26.9786;15:10:26;Fatal
2017-02-24 16:10:27.4178;16:10:27;Fatal
2017-02-24 17:10:27.9166;17:10:27;Fatal
2017-02-24 18:10:28.3840;18:10:28;Fatal
2017-02-24 19:10:28.8374;19:10:28;Fatal
2017-02-24 20:10:38.9847;20:10:38;Fatal
2017-02-24 21:10:39.6184;21:10:39;Fatal
2017-02-24 22:10:00.1206;22:10:00;Fatal
2017-02-24 22:10:40.1366;22:10:40;Fatal
2017-02-24 23:10:00.6825;23:10:00;Fatal
2017-02-24 23:10:40.6970;23:10:40;Fatal
2017-02-25 00:10:01.1043;0:10:01;Fatal
2017-02-25 00:10:41.1054;0:10:41;Fatal
2017-02-25 01:10:01.5552;1:10:01;Fatal
2017-02-25 01:10:41.5556;1:10:41;Fatal
2017-02-25 02:10:30.9716;2:10:30;Fatal
2017-02-25 03:10:31.6661;3:10:31;Fatal
2017-02-25 04:10:32.4327;4:10:32;Fatal
2017-02-25 05:10:32.9771;5:10:32;Fatal
2017-02-25 06:10:33.4439;6:10:33;Fatal
2017-02-25 07:10:34.0563;7:10:34;Fatal
2017-02-25 08:10:34.5418;8:10:34;Fatal
2017-02-25 09:10:35.0109;9:10:35;Fatal
2017-02-25 10:10:35.5710;10:10:35;Fatal
2017-02-25 11:10:36.0564;11:10:36;Fatal
2017-02-25 12:10:36.5726;12:10:36;Fatal
2017-02-25 13:10:37.0734;13:10:37;Fatal
2017-02-25 14:10:37.4789;14:10:37;Fatal
2017-02-25 15:10:37.9770;15:10:37;Fatal
2017-02-25 16:10:38.5242;16:10:38;Fatal
2017-02-25 17:10:39.0877;17:10:39;Fatal
2017-02-25 18:10:39.6191;18:10:39;Fatal
2017-02-25 19:10:00.1516;19:10:00;Fatal
2017-02-25 19:10:40.1658;19:10:40;Fatal
2017-02-25 20:10:00.5884;20:10:00;Fatal
2017-02-25 20:10:40.6027;20:10:40;Fatal
2017-02-25 21:10:01.0405;21:10:01;Fatal
2017-02-25 21:10:41.0403;21:10:41;Fatal
2017-02-25 22:10:01.5257;22:10:01;Fatal
2017-02-25 22:10:41.5409;22:10:41;Fatal
2017-02-25 23:10:02.0424;23:10:02;Fatal
2017-02-25 23:10:42.0554;23:10:42;Fatal
2017-02-26 00:10:02.5576;0:10:02;Fatal
2017-02-26 00:10:42.5726;0:10:42;Fatal
2017-02-26 01:10:03.0434;1:10:03;Fatal
2017-02-26 01:10:43.0556;1:10:43;Fatal
2017-02-26 02:10:03.5404;2:10:03;Fatal
2017-02-26 02:10:43.5410;2:10:43;Fatal
2017-02-26 03:10:04.0250;3:10:04;Fatal
2017-02-26 03:10:44.0262;3:10:44;Fatal
2017-02-26 04:10:04.6026;4:10:04;Fatal
2017-02-26 04:10:44.6032;4:10:44;Fatal
2017-02-26 05:10:05.1367;5:10:05;Fatal
2017-02-26 05:10:45.1497;5:10:45;Fatal
2017-02-26 06:10:05.7588;6:10:05;Fatal
2017-02-26 06:10:45.7596;6:10:45;Fatal
2017-02-26 07:10:06.2276;7:10:06;Fatal
2017-02-26 07:10:46.2276;7:10:46;Fatal
2017-02-26 08:10:06.7118;8:10:06;Fatal
2017-02-26 08:10:46.7130;8:10:46;Fatal
2017-02-26 09:10:07.0872;9:10:07;Fatal
2017-02-26 09:10:47.0875;9:10:47;Fatal
2017-02-26 10:10:07.5240;10:10:07;Fatal
2017-02-26 10:10:47.5263;10:10:47;Fatal
2017-02-26 11:10:07.9971;11:10:07;Fatal
2017-02-26 11:10:48.0097;11:10:48;Fatal
2017-02-26 12:10:08.4785;12:10:08;Fatal
2017-02-26 12:10:48.4789;12:10:48;Fatal
2017-02-26 13:10:08.8859;13:10:08;Fatal
2017-02-26 13:10:48.9027;13:10:48;Fatal
2017-02-26 14:10:09.3391;14:10:09;Fatal
2017-02-26 14:10:49.3538;14:10:49;Fatal
2017-02-26 15:10:09.8383;15:10:09;Fatal
2017-02-26 15:10:49.8390;15:10:49;Fatal
2017-02-26 16:10:10.3219;16:10:10;Fatal
2017-02-26 16:10:50.3231;16:10:50;Fatal
2017-02-26 17:10:10.8085;17:10:10;Fatal
2017-02-26 17:10:50.8229;17:10:50;Fatal
2017-02-26 18:10:11.3231;18:10:11;Fatal
2017-02-26 18:10:51.3381;18:10:51;Fatal
2017-02-26 19:10:11.7609;19:10:11;Fatal
2017-02-26 19:10:51.7621;19:10:51;Fatal
2017-02-26 20:10:12.2907;20:10:12;Fatal
2017-02-26 20:10:52.2919;20:10:52;Fatal
2017-02-26 21:10:12.8212;21:10:12;Fatal
2017-02-26 21:10:52.8217;21:10:52;Fatal
2017-02-26 22:10:13.2460;22:10:13;Fatal
2017-02-26 22:10:53.2590;22:10:53;Fatal
2017-02-26 23:10:13.8080;23:10:13;Fatal
2017-02-26 23:10:53.8092;23:10:53;Fatal
2017-02-27 00:10:14.3992;0:10:14;Fatal
2017-02-27 00:10:54.4024;0:10:54;Fatal
2017-02-27 01:10:14.8706;1:10:14;Fatal
2017-02-27 01:10:54.8848;1:10:54;Fatal
2017-02-27 02:10:15.3558;2:10:15;Fatal
2017-02-27 02:10:55.3686;2:10:55;Fatal
2017-02-27 03:10:15.7900;3:10:15;Fatal
2017-02-27 03:10:55.7898;3:10:55;Fatal
2017-02-27 04:10:16.2612;4:10:16;Fatal
2017-02-27 04:10:56.2739;4:10:56;Fatal
2017-02-27 05:10:16.7764;5:10:16;Fatal
2017-02-27 05:10:56.7909;5:10:56;Fatal
2017-02-27 06:10:17.2278;6:10:17;Fatal
2017-02-27 06:10:57.2280;6:10:57;Fatal
2017-02-27 07:10:17.6816;7:10:17;Fatal
2017-02-27 07:10:57.6960;7:10:57;Fatal
2017-02-27 08:10:18.1802;8:10:18;Fatal
2017-02-27 08:10:58.1814;8:10:58;Fatal
2017-02-27 09:10:18.6819;9:10:18;Fatal
2017-02-27 09:10:58.6828;9:10:58;Fatal
2017-02-27 10:10:19.1973;10:10:19;Fatal
2017-02-27 10:10:59.1974;10:10:59;Fatal
2017-02-27 11:10:04.6524;11:10:04;Fatal
2017-02-27 11:10:44.6529;11:10:44;Fatal
2017-02-27 12:10:39.1503;12:10:39;Fatal
2017-02-27 13:10:39.6343;13:10:39;Fatal
2017-02-27 14:10:00.1021;14:10:00;Fatal
2017-02-27 14:10:40.1027;14:10:40;Fatal
2017-02-27 15:10:00.5555;15:10:00;Fatal
2017-02-27 15:10:40.5557;15:10:40;Fatal
2017-02-27 16:10:00.9771;16:10:00;Fatal
2017-02-27 16:10:40.9785;16:10:40;Fatal
2017-02-27 17:10:01.4779;17:10:01;Fatal
2017-02-27 17:10:41.4787;17:10:41;Fatal
2017-02-27 18:10:01.9471;18:10:01;Fatal
2017-02-27 18:10:41.9481;18:10:41;Fatal
2017-02-27 19:10:02.4795;19:10:02;Fatal
2017-02-27 19:10:42.4931;19:10:42;Fatal
2017-02-27 20:10:02.9329;20:10:02;Fatal
2017-02-27 20:10:42.9341;20:10:42;Fatal
2017-02-27 21:10:03.5402;21:10:03;Fatal
2017-02-27 21:10:43.5416;21:10:43;Fatal
2017-02-27 22:10:04.0396;22:10:04;Fatal
2017-02-27 22:10:44.0395;22:10:44;Fatal
2017-02-27 23:10:04.5420;23:10:04;Fatal
2017-02-27 23:10:44.5560;23:10:44;Fatal
2017-02-28 00:10:04.9486;0:10:04;Fatal
2017-02-28 00:10:44.9640;0:10:44;Fatal
2017-02-28 01:10:05.4328;1:10:05;Fatal
2017-02-28 01:10:45.4332;1:10:45;Fatal
2017-02-28 02:10:05.9770;2:10:05;Fatal
2017-02-28 02:10:45.9778;2:10:45;Fatal
2017-02-28 03:10:06.4944;3:10:06;Fatal
2017-02-28 03:10:46.5104;3:10:46;Fatal
2017-02-28 04:10:06.9937;4:10:06;Fatal
2017-02-28 04:10:47.0092;4:10:47;Fatal
2017-02-28 05:10:07.4318;5:10:07;Fatal
2017-02-28 05:10:47.4470;5:10:47;Fatal
2017-02-28 06:10:07.9505;6:10:07;Fatal
2017-02-28 06:10:47.9663;6:10:47;Fatal
2017-02-28 07:10:32.0566;7:10:32;Fatal
2017-02-28 08:10:32.5712;8:10:32;Fatal
2017-02-28 09:10:33.1195;9:10:33;Fatal
2017-02-28 10:10:33.5709;10:10:33;Fatal
2017-02-28 11:10:34.0735;11:10:34;Fatal
2017-02-28 12:10:34.5421;12:10:34;Fatal
2017-02-28 13:10:35.0423;13:10:35;Fatal
2017-02-28 14:10:35.5249;14:10:35;Fatal
2017-02-28 15:10:36.0564;15:10:36;Fatal
2017-02-28 16:10:36.5097;16:10:36;Fatal
2017-02-28 17:10:36.9797;17:10:36;Fatal
2017-02-28 18:10:37.4156;18:10:37;Fatal
2017-02-28 19:10:37.8209;19:10:37;Fatal
2017-02-28 20:10:38.2287;20:10:38;Fatal
2017-02-28 21:10:38.7276;21:10:38;Fatal
2017-02-28 22:10:39.2433;22:10:39;Fatal
2017-02-28 23:10:39.7441;23:10:39;Fatal
2017-03-01 00:10:00.2133;0:10:00;Fatal
2017-03-01 00:10:40.2297;0:10:40;Fatal
2017-03-01 01:10:00.7908;1:10:00;Fatal
2017-03-01 01:10:40.7917;1:10:40;Fatal
2017-03-01 02:10:01.3234;2:10:01;Fatal
2017-03-01 02:10:41.3366;2:10:41;Fatal
2017-03-01 03:10:01.8542;3:10:01;Fatal
2017-03-01 03:10:41.8544;3:10:41;Fatal
2017-03-01 04:10:02.3234;4:10:02;Fatal
2017-03-01 04:10:42.3236;4:10:42;Fatal
2017-03-01 05:10:02.7270;5:10:02;Fatal
2017-03-01 05:10:42.7282;5:10:42;Fatal
2017-03-01 06:10:03.3239;6:10:03;Fatal
2017-03-01 06:10:43.3367;6:10:43;Fatal
2017-03-01 07:10:16.8694;7:10:16;Fatal
2017-03-01 07:10:56.8838;7:10:56;Fatal
2017-03-01 08:10:17.3214;8:10:17;Fatal
2017-03-01 08:10:57.3246;8:10:57;Fatal
2017-03-01 09:10:17.7766;9:10:17;Fatal
2017-03-01 09:10:57.7908;9:10:57;Fatal
2017-03-01 10:10:18.2756;10:10:18;Fatal
2017-03-01 10:10:58.2778;10:10:58;Fatal
2017-03-01 11:10:18.7762;11:10:18;Fatal
2017-03-01 11:10:58.7766;11:10:58;Fatal
2017-03-01 12:10:19.3685;12:10:19;Fatal
2017-03-01 12:10:59.3689;12:10:59;Fatal
2017-03-01 13:10:19.9314;13:10:19;Fatal
2017-03-01 13:10:59.9319;13:10:59;Fatal
2017-03-01 14:10:20.4154;14:10:20;Fatal
2017-03-01 15:10:20.9006;15:10:20;Fatal
2017-03-01 16:10:21.4464;16:10:21;Fatal
2017-03-01 17:10:21.9776;17:10:21;Fatal
2017-03-01 18:10:22.4480;18:10:22;Fatal
2017-03-01 19:10:22.9615;19:10:22;Fatal
2017-03-01 20:10:23.5093;20:10:23;Fatal
2017-03-01 21:10:23.9723;21:10:23;Fatal
2017-03-01 22:10:24.5736;22:10:24;Fatal
2017-03-01 23:10:25.0580;23:10:25;Fatal
2017-03-02 00:10:25.5404;0:10:25;Fatal
2017-03-02 01:10:26.0560;1:10:26;Fatal
2017-03-02 02:10:26.5424;2:10:26;Fatal
2017-03-02 03:10:27.1819;3:10:27;Fatal
2017-03-02 04:10:27.7601;4:10:27;Fatal
2017-03-02 05:10:28.1969;5:10:28;Fatal
2017-03-02 06:10:28.7438;6:10:28;Fatal
2017-03-02 07:10:29.1683;7:10:29;Fatal
2017-03-02 08:10:29.5713;8:10:29;Fatal
2017-03-02 09:10:30.1339;9:10:30;Fatal
2017-03-02 10:10:30.6357;10:10:30;Fatal
2017-03-02 11:10:31.1986;11:10:31;Fatal
2017-03-02 12:10:31.7130;12:10:31;Fatal
2017-03-02 13:10:32.1360;13:10:32;Fatal
2017-03-02 14:10:32.6192;14:10:32;Fatal
2017-03-02 15:10:33.1194;15:10:33;Fatal
2017-03-02 16:10:33.6685;16:10:33;Fatal
2017-03-02 17:10:34.1184;17:10:34;Fatal
2017-03-02 18:10:34.6807;18:10:34;Fatal
2017-03-02 19:10:35.0884;19:10:35;Fatal
2017-03-02 20:10:35.4796;20:10:35;Fatal
2017-03-02 21:10:35.9482;21:10:35;Fatal
2017-03-02 22:10:36.4154;22:10:36;Fatal
2017-03-02 23:10:36.8836;23:10:36;Fatal
2017-03-03 00:10:37.4160;0:10:37;Fatal
2017-03-03 01:10:37.9316;1:10:37;Fatal
2017-03-03 02:10:38.4161;2:10:38;Fatal
2017-03-03 03:10:38.8548;3:10:38;Fatal
2017-03-03 04:10:39.3544;4:10:39;Fatal
2017-03-03 05:10:39.8255;5:10:39;Fatal
2017-03-03 06:10:00.2430;6:10:00;Fatal
2017-03-03 06:10:40.2454;6:10:40;Fatal
2017-03-03 07:10:00.6672;7:10:00;Fatal
2017-03-03 07:10:40.6684;7:10:40;Fatal
2017-03-03 08:10:01.1818;8:10:01;Fatal
2017-03-03 08:10:41.1828;8:10:41;Fatal
2017-03-03 09:10:01.6650;9:10:01;Fatal
2017-03-03 09:10:41.6666;9:10:41;Fatal
2017-03-03 10:10:02.1655;10:10:02;Fatal
2017-03-03 10:10:42.1684;10:10:42;Fatal
2017-03-03 11:10:02.6176;11:10:02;Fatal
2017-03-03 11:10:42.6195;11:10:42;Fatal
2017-03-03 12:10:03.0272;12:10:03;Fatal
2017-03-03 12:10:43.0272;12:10:43;Fatal
2017-03-03 13:10:03.5264;13:10:03;Fatal
2017-03-03 13:10:43.5274;13:10:43;Fatal
2017-03-03 14:10:04.2277;14:10:04;Fatal
2017-03-03 14:10:44.2289;14:10:44;Fatal
2017-03-03 15:10:04.7452;15:10:04;Fatal
2017-03-03 15:10:44.7607;15:10:44;Fatal
2017-03-03 16:10:05.2912;16:10:05;Fatal
2017-03-03 16:10:45.3064;16:10:45;Fatal
2017-03-03 17:10:05.8053;17:10:05;Fatal
2017-03-03 17:10:45.8070;17:10:45;Fatal
2017-03-03 18:10:06.1982;18:10:06;Fatal
2017-03-03 18:10:46.1985;18:10:46;Fatal
2017-03-03 19:10:06.6994;19:10:06;Fatal
2017-03-03 19:10:46.7120;19:10:46;Fatal
2017-03-03 20:10:07.1502;20:10:07;Fatal
2017-03-03 20:10:47.1510;20:10:47;Fatal
2017-03-03 21:10:07.6826;21:10:07;Fatal
2017-03-03 21:10:47.6828;21:10:47;Fatal
2017-03-03 22:10:08.1184;22:10:08;Fatal
2017-03-03 22:10:48.1183;22:10:48;Fatal
2017-03-03 23:10:08.6056;23:10:08;Fatal
2017-03-03 23:10:48.6180;23:10:48;Fatal
2017-03-04 00:10:09.0822;0:10:09;Fatal
2017-03-04 00:10:49.0874;0:10:49;Fatal
2017-03-04 01:10:09.5708;1:10:09;Fatal
2017-03-04 01:10:49.5722;1:10:49;Fatal
2017-03-04 02:10:10.1052;2:10:10;Fatal
2017-03-04 02:10:50.1185;2:10:50;Fatal
2017-03-04 03:10:10.6177;3:10:10;Fatal
2017-03-04 03:10:50.6320;3:10:50;Fatal
2017-03-04 04:10:11.1491;4:10:11;Fatal
2017-03-04 04:10:51.1503;4:10:51;Fatal
2017-03-04 05:10:11.5400;5:10:11;Fatal
2017-03-04 05:10:51.5414;5:10:51;Fatal
2017-03-04 06:10:12.0275;6:10:12;Fatal
2017-03-04 06:10:52.0282;6:10:52;Fatal
2017-03-04 07:10:12.4809;7:10:12;Fatal
2017-03-04 07:10:52.4936;7:10:52;Fatal
2017-03-04 08:10:12.9939;8:10:12;Fatal
2017-03-04 08:10:52.9948;8:10:52;Fatal
2017-03-04 09:10:13.4632;9:10:13;Fatal
2017-03-04 09:10:53.4640;9:10:53;Fatal
2017-03-04 10:10:13.9787;10:10:13;Fatal
2017-03-04 10:10:53.9785;10:10:53;Fatal
2017-03-04 11:10:14.5395;11:10:14;Fatal
2017-03-04 11:10:54.5423;11:10:54;Fatal
2017-03-04 12:10:14.9947;12:10:14;Fatal
2017-03-04 12:10:55.0111;12:10:55;Fatal
2017-03-04 13:10:15.5404;13:10:15;Fatal
2017-03-04 13:10:55.5407;13:10:55;Fatal
2017-03-04 14:10:16.0097;14:10:16;Fatal
2017-03-04 14:10:56.0239;14:10:56;Fatal
2017-03-04 15:10:16.4457;15:10:16;Fatal
2017-03-04 15:10:56.4476;15:10:56;Fatal
2017-03-04 16:10:16.8685;16:10:16;Fatal
2017-03-04 16:10:56.8714;16:10:56;Fatal
2017-03-04 17:10:17.4013;17:10:17;Fatal
2017-03-04 17:10:57.4163;17:10:57;Fatal
2017-03-04 18:10:17.9482;18:10:17;Fatal
2017-03-04 18:10:57.9490;18:10:57;Fatal
2017-03-04 19:10:18.5252;19:10:18;Fatal
2017-03-04 19:10:58.5268;19:10:58;Fatal
2017-03-04 20:10:19.0725;20:10:19;Fatal
2017-03-04 20:10:59.0718;20:10:59;Fatal
2017-03-04 21:10:19.5735;21:10:19;Fatal
2017-03-04 21:10:59.5865;21:10:59;Fatal
2017-03-04 22:10:20.0105;22:10:20;Fatal
2017-03-04 23:10:20.6197;23:10:20;Fatal
2017-03-05 00:10:21.1211;0:10:21;Fatal
2017-03-05 01:10:21.6212;1:10:21;Fatal
2017-03-05 02:10:23.8377;2:10:23;Fatal
2017-03-05 03:10:24.4857;3:10:24;Fatal
2017-03-05 04:10:25.2086;4:10:25;Fatal
2017-03-05 05:10:25.7600;5:10:25;Fatal
2017-03-05 06:10:26.1990;6:10:26;Fatal
2017-03-05 07:10:26.6990;7:10:26;Fatal
2017-03-05 08:10:27.2308;8:10:27;Fatal
2017-03-05 09:10:27.7124;9:10:27;Fatal
2017-03-05 10:10:28.1974;10:10:28;Fatal
2017-03-05 11:10:28.7315;11:10:28;Fatal
2017-03-05 12:10:29.2913;12:10:29;Fatal
2017-03-05 13:10:29.7433;13:10:29;Fatal
2017-03-05 14:10:30.1823;14:10:30;Fatal
2017-03-05 15:10:30.7291;15:10:30;Fatal
2017-03-05 16:10:31.1971;16:10:31;Fatal
2017-03-05 17:10:31.7604;17:10:31;Fatal
2017-03-05 18:10:32.2466;18:10:32;Fatal
2017-03-05 19:10:32.8366;19:10:32;Fatal
2017-03-05 20:10:33.3212;20:10:33;Fatal
2017-03-05 21:10:33.7742;21:10:33;Fatal
2017-03-05 22:10:34.2596;22:10:34;Fatal
2017-03-05 23:10:34.8065;23:10:34;Fatal
2017-03-06 00:10:35.2775;0:10:35;Fatal
2017-03-06 01:10:35.7755;1:10:35;Fatal
2017-03-06 02:10:36.2603;2:10:36;Fatal
2017-03-06 03:10:36.6831;3:10:36;Fatal
2017-03-06 04:10:37.0888;4:10:37;Fatal
2017-03-06 05:10:37.6819;5:10:37;Fatal
2017-03-06 06:10:38.2304;6:10:38;Fatal
2017-03-06 07:10:38.7430;7:10:38;Fatal
2017-03-06 08:10:39.1803;8:10:39;Fatal
2017-03-06 09:10:39.8078;9:10:39;Fatal
2017-03-06 10:10:00.3223;10:10:00;Fatal
2017-03-06 10:10:40.3221;10:10:40;Fatal
2017-03-06 11:10:00.7924;11:10:00;Fatal
2017-03-06 11:10:40.7926;11:10:40;Fatal
2017-03-06 12:10:01.2295;12:10:01;Fatal
2017-03-06 12:10:41.2440;12:10:41;Fatal
2017-03-06 13:10:01.6652;13:10:01;Fatal
2017-03-06 13:10:41.6666;13:10:41;Fatal
2017-03-06 14:10:02.1840;14:10:02;Fatal
2017-03-06 14:10:42.1962;14:10:42;Fatal
2017-03-06 15:10:02.6336;15:10:02;Fatal
2017-03-06 15:10:42.6472;15:10:42;Fatal
2017-03-06 16:10:03.1040;16:10:03;Fatal
2017-03-06 16:10:43.1044;16:10:43;Fatal
2017-03-06 17:10:03.5248;17:10:03;Fatal
2017-03-06 17:10:43.5252;17:10:43;Fatal
2017-03-06 18:10:04.1192;18:10:04;Fatal
2017-03-06 18:10:44.1342;18:10:44;Fatal
2017-03-06 19:10:04.6031;19:10:04;Fatal
2017-03-06 19:10:44.6032;19:10:44;Fatal
2017-03-06 20:10:05.1195;20:10:05;Fatal
2017-03-06 20:10:45.1335;20:10:45;Fatal
2017-03-06 21:10:05.6499;21:10:05;Fatal
2017-03-06 21:10:45.6509;21:10:45;Fatal
2017-03-06 22:10:06.1339;22:10:06;Fatal
2017-03-06 22:10:46.1353;22:10:46;Fatal
2017-03-06 23:10:06.5415;23:10:06;Fatal
2017-03-06 23:10:46.5410;23:10:46;Fatal
2017-03-07 00:10:07.0428;0:10:07;Fatal
2017-03-07 00:10:47.0553;0:10:47;Fatal
2017-03-07 01:10:07.4806;1:10:07;Fatal
2017-03-07 01:10:47.4953;1:10:47;Fatal
2017-03-07 02:10:07.9148;2:10:07;Fatal
2017-03-07 02:10:47.9182;2:10:47;Fatal
2017-03-07 03:10:08.3698;3:10:08;Fatal
2017-03-07 03:10:48.3709;3:10:48;Fatal
2017-03-07 04:10:08.9311;4:10:08;Fatal
2017-03-07 04:10:48.9321;4:10:48;Fatal
2017-03-07 05:10:09.3853;5:10:09;Fatal
2017-03-07 05:10:49.4013;5:10:49;Fatal
2017-03-07 06:10:09.9321;6:10:09;Fatal
2017-03-07 06:10:49.9323;6:10:49;Fatal
2017-03-07 07:10:10.4011;7:10:10;Fatal
2017-03-07 07:10:50.4025;7:10:50;Fatal
2017-03-07 08:10:10.8531;8:10:10;Fatal
2017-03-07 08:10:50.8539;8:10:50;Fatal
2017-03-07 09:10:11.2591;9:10:11;Fatal
2017-03-07 09:10:51.2592;9:10:51;Fatal
2017-03-07 10:10:11.7619;10:10:11;Fatal
2017-03-07 10:10:51.7747;10:10:51;Fatal
2017-03-07 11:10:12.3211;11:10:12;Fatal
2017-03-07 11:10:52.3219;11:10:52;Fatal
2017-03-07 12:10:12.8389;12:10:12;Fatal
2017-03-07 12:10:52.8539;12:10:52;Fatal
2017-03-07 13:10:13.3374;13:10:13;Fatal
2017-03-07 13:10:53.3381;13:10:53;Fatal
2017-03-07 14:10:13.8376;14:10:13;Fatal
2017-03-07 14:10:53.8370;14:10:53;Fatal
2017-03-07 15:10:24.8993;15:10:24;Fatal
2017-03-07 16:10:25.4753;16:10:25;Fatal
2017-03-07 17:10:26.1034;17:10:26;Fatal
2017-03-07 18:10:26.5696;18:10:26;Fatal
2017-03-07 19:10:27.0550;19:10:27;Fatal
2017-03-07 20:10:27.4602;20:10:27;Fatal
2017-03-07 21:10:28.1013;21:10:28;Fatal
2017-03-07 22:10:28.6497;22:10:28;Fatal
2017-03-07 23:10:29.2574;23:10:29;Fatal
2017-03-08 00:10:29.7272;0:10:29;Fatal
2017-03-08 01:10:30.2108;1:10:30;Fatal
2017-03-08 02:10:30.6809;2:10:30;Fatal
2017-03-08 03:10:31.1634;3:10:31;Fatal
2017-03-08 04:10:31.6498;4:10:31;Fatal
2017-03-08 05:10:32.2119;5:10:32;Fatal
2017-03-08 06:10:32.7123;6:10:32;Fatal
2017-03-08 07:10:33.1673;7:10:33;Fatal
2017-03-08 08:10:33.6009;8:10:33;Fatal
2017-03-08 09:10:34.0865;9:10:34;Fatal
2017-03-08 10:10:34.6353;10:10:34;Fatal
2017-03-08 11:10:35.1499;11:10:35;Fatal
2017-03-08 12:10:35.6812;12:10:35;Fatal
2017-03-08 13:10:36.1792;13:10:36;Fatal
2017-03-08 14:10:36.6169;14:10:36;Fatal
2017-03-08 15:10:37.1628;15:10:37;Fatal
2017-03-08 16:10:37.6316;16:10:37;Fatal
2017-03-08 17:10:38.1012;17:10:38;Fatal
2017-03-08 18:10:38.5694;18:10:38;Fatal
2017-03-08 19:10:39.0860;19:10:39;Fatal
2017-03-08 20:10:39.6797;20:10:39;Fatal
2017-03-08 21:10:00.0871;21:10:00;Fatal
2017-03-08 21:10:40.1028;21:10:40;Fatal
2017-03-08 22:10:00.4934;22:10:00;Fatal
2017-03-08 22:10:40.5094;22:10:40;Fatal
2017-03-08 23:10:00.9946;23:10:00;Fatal
2017-03-08 23:10:41.0092;23:10:41;Fatal
2017-03-09 00:10:01.6019;0:10:01;Fatal
2017-03-09 00:10:41.6031;0:10:41;Fatal
2017-03-09 01:10:02.1005;1:10:02;Fatal
2017-03-09 01:10:42.1009;1:10:42;Fatal
2017-03-09 02:10:02.5717;2:10:02;Fatal
2017-03-09 02:10:42.5859;2:10:42;Fatal
2017-03-09 03:10:03.0377;3:10:03;Fatal
2017-03-09 03:10:43.0387;3:10:43;Fatal
2017-03-09 04:10:03.6170;4:10:03;Fatal
2017-03-09 04:10:43.6166;4:10:43;Fatal
2017-03-09 05:10:04.1658;5:10:04;Fatal
2017-03-09 05:10:44.1656;5:10:44;Fatal
2017-03-09 06:10:04.6180;6:10:04;Fatal
2017-03-09 06:10:44.6182;6:10:44;Fatal
2017-03-09 07:10:05.0700;7:10:05;Fatal
2017-03-09 07:10:45.0864;7:10:45;Fatal
2017-03-09 08:10:05.5572;8:10:05;Fatal
2017-03-09 08:10:45.5728;8:10:45;Fatal
2017-03-09 09:10:06.0880;9:10:06;Fatal
2017-03-09 09:10:46.1003;9:10:46;Fatal
2017-03-09 10:10:06.6018;10:10:06;Fatal
2017-03-09 10:10:46.6176;10:10:46;Fatal
2017-03-09 11:10:07.0848;11:10:07;Fatal
2017-03-09 11:10:47.0858;11:10:47;Fatal
2017-03-09 12:10:07.5562;12:10:07;Fatal
2017-03-09 12:10:47.5692;12:10:47;Fatal
2017-03-09 13:10:08.0707;13:10:08;Fatal
2017-03-09 13:10:48.0704;13:10:48;Fatal
2017-03-09 14:10:08.6327;14:10:08;Fatal
2017-03-09 14:10:48.6329;14:10:48;Fatal
2017-03-09 15:10:09.2270;15:10:09;Fatal
2017-03-09 15:10:49.2421;15:10:49;Fatal
2017-03-09 16:10:09.6801;16:10:09;Fatal
2017-03-09 16:10:49.6799;16:10:49;Fatal
2017-03-09 17:10:10.0561;17:10:10;Fatal
2017-03-09 17:10:50.0557;17:10:50;Fatal
2017-03-09 18:10:10.5557;18:10:10;Fatal
2017-03-09 18:10:50.5693;18:10:50;Fatal
2017-03-09 19:10:11.0222;19:10:11;Fatal
2017-03-09 19:10:51.0229;19:10:51;Fatal
2017-03-09 20:10:11.4151;20:10:11;Fatal
2017-03-09 20:10:51.4148;20:10:51;Fatal
2017-03-09 21:10:11.9403;21:10:11;Fatal
2017-03-09 21:10:51.9505;21:10:51;Fatal
2017-03-09 22:10:12.4771;22:10:12;Fatal
2017-03-09 22:10:52.4769;22:10:52;Fatal
2017-03-09 23:10:12.9922;23:10:12;Fatal
2017-03-09 23:10:52.9919;23:10:52;Fatal
2017-03-10 00:10:13.4467;0:10:13;Fatal
2017-03-10 00:10:53.4611;0:10:53;Fatal
2017-03-10 01:10:13.9604;1:10:13;Fatal
2017-03-10 01:10:53.9611;1:10:53;Fatal
2017-03-10 02:10:14.4790;2:10:14;Fatal
2017-03-10 02:10:54.4912;2:10:54;Fatal
2017-03-10 03:10:14.9156;3:10:14;Fatal
2017-03-10 03:10:54.9169;3:10:54;Fatal
2017-03-10 04:10:15.3057;4:10:15;Fatal
2017-03-10 04:10:55.3065;4:10:55;Fatal
2017-03-10 05:10:15.7877;5:10:15;Fatal
2017-03-10 05:10:55.7879;5:10:55;Fatal
2017-03-10 06:10:16.1801;6:10:16;Fatal
2017-03-10 06:10:56.1949;6:10:56;Fatal
2017-03-10 07:10:16.7882;7:10:16;Fatal
2017-03-10 07:10:56.7877;7:10:56;Fatal
2017-03-10 08:10:17.2890;8:10:17;Fatal
2017-03-10 08:10:57.2899;8:10:57;Fatal
2017-03-10 09:10:17.7582;9:10:17;Fatal
2017-03-10 09:10:57.7573;9:10:57;Fatal
2017-03-10 10:10:18.2424;10:10:18;Fatal
2017-03-10 10:10:58.2577;10:10:58;Fatal
2017-03-10 11:10:18.6633;11:10:18;Fatal
2017-03-10 11:10:58.6643;11:10:58;Fatal
2017-03-10 12:10:19.1968;12:10:19;Fatal
2017-03-10 12:10:59.2113;12:10:59;Fatal
2017-03-10 13:10:19.6954;13:10:19;Fatal
2017-03-10 13:10:59.6967;13:10:59;Fatal
2017-03-10 14:10:20.0387;14:10:20;Fatal
2017-03-10 15:10:20.4309;15:10:20;Fatal
2017-03-10 16:10:20.9293;16:10:20;Fatal
2017-03-10 17:10:21.4925;17:10:21;Fatal
2017-03-10 18:10:21.9619;18:10:21;Fatal
2017-03-10 19:10:22.4774;19:10:22;Fatal
2017-03-10 20:10:22.9769;20:10:22;Fatal
2017-03-10 21:10:23.5094;21:10:23;Fatal
2017-03-10 22:10:23.9616;22:10:23;Fatal
2017-03-10 23:10:24.4460;23:10:24;Fatal
2017-03-11 00:10:25.0088;0:10:25;Fatal
2017-03-11 01:10:25.4938;1:10:25;Fatal
2017-03-11 02:10:25.9635;2:10:25;Fatal
2017-03-11 03:10:26.4760;3:10:26;Fatal
2017-03-11 04:10:26.8836;4:10:26;Fatal
2017-03-11 05:10:27.3828;5:10:27;Fatal
2017-03-11 06:10:28.0075;6:10:28;Fatal
2017-03-11 07:10:28.4775;7:10:28;Fatal
2017-03-11 08:10:28.9295;8:10:28;Fatal
2017-03-11 09:10:29.5096;9:10:29;Fatal
2017-03-11 10:10:30.0244;10:10:30;Fatal
2017-03-11 11:10:30.5384;11:10:30;Fatal
2017-03-11 12:10:31.1182;12:10:31;Fatal
2017-03-11 13:10:31.5854;13:10:31;Fatal
2017-03-11 14:10:32.0869;14:10:32;Fatal
2017-03-11 15:10:32.6647;15:10:32;Fatal
2017-03-11 16:10:33.1945;16:10:33;Fatal
2017-03-11 17:10:33.6021;17:10:33;Fatal
2017-03-11 18:10:34.0871;18:10:34;Fatal
2017-03-11 19:10:34.6011;19:10:34;Fatal
2017-03-11 20:10:35.0721;20:10:35;Fatal
2017-03-11 21:10:35.6172;21:10:35;Fatal
2017-03-11 22:10:36.0692;22:10:36;Fatal
2017-03-11 23:10:36.6170;23:10:36;Fatal
2017-03-12 00:10:37.0248;0:10:37;Fatal
2017-03-12 01:10:37.4788;1:10:37;Fatal
2017-03-12 02:10:37.9604;2:10:37;Fatal
2017-03-12 03:10:38.4144;3:10:38;Fatal
2017-03-12 04:10:38.7883;4:10:38;Fatal
2017-03-12 05:10:39.3193;5:10:39;Fatal
2017-03-12 06:10:39.7413;6:10:39;Fatal
2017-03-12 07:10:00.1659;7:10:00;Fatal
2017-03-12 07:10:40.1655;7:10:40;Fatal
2017-03-12 08:10:00.5570;8:10:00;Fatal
2017-03-12 08:10:40.5692;8:10:40;Fatal
2017-03-12 09:10:01.0418;9:10:01;Fatal
2017-03-12 09:10:41.0546;9:10:41;Fatal
2017-03-12 10:10:01.5725;10:10:01;Fatal
2017-03-12 10:10:41.5847;10:10:41;Fatal
2017-03-12 11:10:02.1033;11:10:02;Fatal
2017-03-12 11:10:42.1159;11:10:42;Fatal
2017-03-12 12:10:02.6015;12:10:02;Fatal
2017-03-12 12:10:42.6025;12:10:42;Fatal
2017-03-12 13:10:03.1011;13:10:03;Fatal
2017-03-12 13:10:43.1013;13:10:43;Fatal
2017-03-12 14:10:03.5721;14:10:03;Fatal
2017-03-12 14:10:43.5885;14:10:43;Fatal
2017-03-12 15:10:14.5545;15:10:14;Fatal
2017-03-12 15:10:54.5547;15:10:54;Fatal
2017-03-12 16:10:15.0861;16:10:15;Fatal
2017-03-12 16:10:55.0869;16:10:55;Fatal
2017-03-12 17:10:15.4927;17:10:15;Fatal
2017-03-12 17:10:55.4937;17:10:55;Fatal
2017-03-12 18:10:16.0557;18:10:16;Fatal
2017-03-12 18:10:56.0559;18:10:56;Fatal
2017-03-12 19:10:16.5722;19:10:16;Fatal
2017-03-12 19:10:56.5864;19:10:56;Fatal
2017-03-12 20:10:17.0704;20:10:17;Fatal
2017-03-12 20:10:57.0720;20:10:57;Fatal
2017-03-12 21:10:17.5700;21:10:17;Fatal
2017-03-12 21:10:57.5704;21:10:57;Fatal
2017-03-12 22:10:18.1337;22:10:18;Fatal
2017-03-12 22:10:58.1344;22:10:58;Fatal
2017-03-12 23:10:18.6164;23:10:18;Fatal
2017-03-12 23:10:58.6176;23:10:58;Fatal
2017-03-13 00:10:19.1007;0:10:19;Fatal
2017-03-13 00:10:59.1016;0:10:59;Fatal
2017-03-13 01:10:19.5700;1:10:19;Fatal
2017-03-13 01:10:59.5727;1:10:59;Fatal
2017-03-13 02:10:20.1331;2:10:20;Fatal
2017-03-13 03:10:20.6647;3:10:20;Fatal
2017-03-13 04:10:21.0861;4:10:21;Fatal
2017-03-13 05:10:21.5557;5:10:21;Fatal
2017-03-13 06:10:22.0377;6:10:22;Fatal
2017-03-13 07:10:22.5557;7:10:22;Fatal
2017-03-13 08:10:22.9933;8:10:22;Fatal
2017-03-13 09:10:23.4759;9:10:23;Fatal
2017-03-13 10:10:23.9169;10:10:23;Fatal
2017-03-13 11:10:24.4445;11:10:24;Fatal
2017-03-13 12:10:24.9295;12:10:24;Fatal
2017-03-13 13:10:25.3683;13:10:25;Fatal
2017-03-13 14:10:25.7427;14:10:25;Fatal
2017-03-13 15:10:26.2126;15:10:26;Fatal
2017-03-13 16:10:26.7911;16:10:26;Fatal
2017-03-13 17:10:20.5833;17:10:20;Fatal
2017-03-14 13:10:27.4103;13:10:27;Fatal
2017-03-14 15:10:10.8396;15:10:10;Fatal
2017-03-14 15:10:57.0934;15:10:57;Fatal
2017-03-15 15:10:10.7859;Исключение из не UI потока  Устройсвто с именем VidorTable8 не найденно;Fatal
2017-03-15 15:12:20.9533;Исключение из не UI потока  Устройсвто с именем VidorTable8 не найденно;Fatal
2017-03-16 00:10:19.8108;0:10:19;Fatal
2017-03-16 00:10:59.7674;0:10:59;Fatal
2017-03-16 11:10:35.2101;11:10:35;Fatal
2017-03-19 00:10:14.3394;0:10:14;Fatal
2017-03-19 00:10:54.3538;0:10:54;Fatal
2017-03-19 01:10:14.7446;1:10:14;Fatal
2017-03-19 01:10:54.7447;1:10:54;Fatal
2017-03-19 00:10:27.9198;0:10:27;Fatal
2017-03-20 12:10:21.5385;12:10:21;Fatal
2017-03-20 13:10:22.0561;13:10:22;Fatal
2017-03-20 14:10:22.6055;14:10:22;Fatal
2017-03-20 15:10:23.3192;15:10:23;Fatal
2017-03-20 16:10:23.9321;16:10:23;Fatal
2017-03-20 17:10:24.4634;17:10:24;Fatal
2017-03-20 18:10:25.0409;18:10:25;Fatal
2017-03-20 19:10:25.6165;19:10:25;Fatal
2017-03-20 20:10:26.1829;20:10:26;Fatal
2017-03-20 21:10:26.6499;21:10:26;Fatal
2017-03-20 22:10:27.1800;22:10:27;Fatal
2017-03-20 23:10:27.6008;23:10:27;Fatal
2017-03-21 00:10:28.1334;0:10:28;Fatal
2017-03-21 01:10:28.6789;1:10:28;Fatal
2017-03-21 02:10:29.2766;2:10:29;Fatal
2017-03-21 03:10:29.9466;3:10:29;Fatal
2017-03-21 04:10:30.4617;4:10:30;Fatal
2017-03-21 05:10:30.9459;5:10:30;Fatal
2017-03-21 06:10:31.4441;6:10:31;Fatal
2017-03-21 07:10:31.9919;7:10:31;Fatal
2017-03-21 08:10:32.5565;8:10:32;Fatal
2017-03-21 09:10:33.1006;9:10:33;Fatal
2017-03-21 10:10:33.6341;10:10:33;Fatal
2017-03-21 11:10:34.1804;11:10:34;Fatal
2017-03-21 12:10:34.7877;12:10:34;Fatal
2017-03-21 13:10:35.3220;13:10:35;Fatal
2017-03-21 14:10:35.9443;14:10:35;Fatal
2017-03-21 15:10:36.5379;15:10:36;Fatal
2017-03-21 16:10:37.0716;16:10:37;Fatal
2017-03-21 17:10:37.5562;17:10:37;Fatal
2017-03-21 18:10:38.2266;18:10:38;Fatal
2017-03-21 19:10:38.8369;19:10:38;Fatal
2017-03-21 20:10:39.4131;20:10:39;Fatal
2017-03-21 21:10:39.9442;21:10:39;Fatal
2017-03-21 22:10:00.5406;22:10:00;Fatal
2017-03-21 22:10:40.5571;22:10:40;Fatal
2017-03-21 23:10:01.1486;23:10:01;Fatal
2017-03-21 23:10:41.1634;23:10:41;Fatal
2017-03-22 00:10:01.6958;0:10:01;Fatal
2017-03-22 00:10:41.6965;0:10:41;Fatal
2017-03-22 01:10:02.2975;1:10:02;Fatal
2017-03-22 01:10:42.3063;1:10:42;Fatal
2017-03-22 02:10:02.8853;2:10:02;Fatal
2017-03-22 02:10:42.8987;2:10:42;Fatal
2017-03-22 03:10:03.4947;3:10:03;Fatal
2017-03-22 03:10:43.5072;3:10:43;Fatal
2017-03-22 04:10:03.9930;4:10:03;Fatal
2017-03-22 04:10:44.0075;4:10:44;Fatal
2017-03-22 05:10:04.6164;5:10:04;Fatal
2017-03-22 05:10:44.6167;5:10:44;Fatal
2017-03-22 06:10:05.1640;6:10:05;Fatal
2017-03-22 06:10:45.1643;6:10:45;Fatal
2017-03-22 07:10:05.6804;7:10:05;Fatal
2017-03-22 07:10:45.6805;7:10:45;Fatal
2017-03-22 08:10:06.1952;8:10:06;Fatal
2017-03-22 08:10:46.1964;8:10:46;Fatal
2017-03-22 09:10:06.6956;9:10:06;Fatal
2017-03-22 09:10:46.6955;9:10:46;Fatal
2017-03-22 10:10:07.2888;10:10:07;Fatal
2017-03-22 10:10:47.2883;10:10:47;Fatal
2017-03-22 11:10:07.8527;11:10:07;Fatal
2017-03-22 11:10:47.8530;11:10:47;Fatal
2017-03-22 12:10:08.4755;12:10:08;Fatal
2017-03-22 12:10:48.4769;12:10:48;Fatal
2017-03-22 13:10:08.9934;13:10:08;Fatal
2017-03-22 13:10:48.9951;13:10:48;Fatal
2017-03-22 14:10:09.5694;14:10:09;Fatal
2017-03-22 14:10:49.5850;14:10:49;Fatal
2017-03-22 15:10:10.1689;15:10:10;Fatal
2017-03-22 15:10:50.1817;15:10:50;Fatal
2017-03-22 16:10:10.7748;16:10:10;Fatal
2017-03-22 16:10:50.7879;16:10:50;Fatal
2017-03-22 17:10:11.2996;17:10:11;Fatal
2017-03-22 17:10:51.3227;17:10:51;Fatal
2017-03-22 18:10:11.8361;18:10:11;Fatal
2017-03-22 18:10:51.8370;18:10:51;Fatal
2017-03-22 19:10:12.3994;19:10:12;Fatal
2017-03-22 19:10:52.4006;19:10:52;Fatal
2017-03-22 20:10:12.9917;20:10:12;Fatal
2017-03-22 20:10:52.9927;20:10:52;Fatal
2017-03-22 21:10:13.5551;21:10:13;Fatal
2017-03-22 21:10:53.5547;21:10:53;Fatal
2017-03-22 22:10:14.0551;22:10:14;Fatal
2017-03-22 22:10:54.0560;22:10:54;Fatal
2017-03-22 23:10:14.6326;23:10:14;Fatal
2017-03-22 23:10:54.6488;23:10:54;Fatal
2017-03-23 00:10:15.2437;0:10:15;Fatal
2017-03-23 00:10:55.2565;0:10:55;Fatal
2017-03-23 01:10:15.8522;1:10:15;Fatal
2017-03-23 01:10:55.8538;1:10:55;Fatal
2017-03-23 02:10:16.4758;2:10:16;Fatal
2017-03-23 02:10:56.4753;2:10:56;Fatal
2017-03-23 03:10:17.0088;3:10:17;Fatal
2017-03-23 03:10:57.0103;3:10:57;Fatal
2017-03-23 04:10:17.5848;4:10:17;Fatal
2017-03-23 04:10:57.5873;4:10:57;Fatal
2017-03-23 05:10:18.1671;5:10:18;Fatal
2017-03-23 05:10:58.1801;5:10:58;Fatal
2017-03-23 06:10:18.7272;6:10:18;Fatal
2017-03-23 06:10:58.7433;6:10:58;Fatal
2017-03-23 07:10:19.3200;7:10:19;Fatal
2017-03-23 07:10:59.3210;7:10:59;Fatal
2017-03-23 08:10:19.8194;8:10:19;Fatal
2017-03-23 08:10:59.8202;8:10:59;Fatal
2017-03-23 09:10:20.3820;9:10:20;Fatal
2017-03-23 10:10:21.0251;10:10:21;Fatal
2017-03-23 11:10:21.6332;11:10:21;Fatal
2017-03-23 12:10:22.2441;12:10:22;Fatal
2017-03-23 13:10:22.8382;13:10:22;Fatal
2017-03-23 14:10:23.4477;14:10:23;Fatal
2017-03-23 15:10:24.1954;15:10:24;Fatal
2017-03-23 16:10:24.7287;16:10:24;Fatal
2017-03-23 17:10:25.2597;17:10:25;Fatal
2017-03-23 18:10:25.8992;18:10:25;Fatal
2017-03-23 19:10:26.4304;19:10:26;Fatal
2017-03-23 20:10:27.0089;20:10:27;Fatal
2017-03-23 21:10:27.4766;21:10:27;Fatal
2017-03-23 22:10:28.0399;22:10:28;Fatal
2017-03-23 23:10:28.6480;23:10:28;Fatal
2017-03-24 00:10:29.2265;0:10:29;Fatal
2017-03-24 01:10:29.8370;1:10:29;Fatal
2017-03-24 02:10:30.4301;2:10:30;Fatal
2017-03-24 03:10:30.9470;3:10:30;Fatal
2017-03-24 04:10:31.5100;4:10:31;Fatal
2017-03-24 05:10:32.0105;5:10:32;Fatal
2017-03-24 06:10:32.4769;6:10:32;Fatal
2017-03-24 07:10:33.0708;7:10:33;Fatal
2017-03-24 08:10:33.5088;8:10:33;Fatal
2017-03-24 09:10:34.0867;9:10:34;Fatal
2017-03-24 10:10:34.7099;10:10:34;Fatal
2017-03-24 11:10:35.1352;11:10:35;Fatal
2017-03-24 12:10:35.6648;12:10:35;Fatal
2017-03-24 13:10:36.3212;13:10:36;Fatal
2017-03-24 14:10:36.8662;14:10:36;Fatal
2017-03-24 15:10:37.5221;15:10:37;Fatal
2017-03-24 16:10:37.9444;16:10:37;Fatal
2017-03-24 17:10:38.4621;17:10:38;Fatal
2017-03-24 18:10:39.0100;18:10:39;Fatal
2017-03-24 19:10:39.5253;19:10:39;Fatal
2017-03-24 20:10:00.0534;20:10:00;Fatal
2017-03-24 20:10:40.0543;20:10:40;Fatal
2017-03-24 21:10:00.5854;21:10:00;Fatal
2017-03-24 21:10:40.5872;21:10:40;Fatal
2017-03-24 22:10:01.1802;22:10:01;Fatal
2017-03-24 22:10:41.1943;22:10:41;Fatal
2017-03-24 23:10:01.8203;23:10:01;Fatal
2017-03-24 23:10:41.8372;23:10:41;Fatal
2017-03-25 00:10:02.4305;0:10:02;Fatal
2017-03-25 00:10:42.4312;0:10:42;Fatal
2017-03-25 01:10:02.9763;1:10:02;Fatal
2017-03-25 01:10:42.9773;1:10:42;Fatal
2017-03-25 02:10:03.5488;2:10:03;Fatal
2017-03-25 02:10:43.5583;2:10:43;Fatal
2017-03-25 03:10:04.1028;3:10:04;Fatal
2017-03-25 03:10:44.1183;3:10:44;Fatal
2017-03-25 04:10:04.7889;4:10:04;Fatal
2017-03-25 04:10:44.7883;4:10:44;Fatal
2017-03-25 05:10:05.2575;5:10:05;Fatal
2017-03-25 05:10:45.2587;5:10:45;Fatal
2017-03-25 06:10:05.8511;6:10:05;Fatal
2017-03-25 06:10:45.8518;6:10:45;Fatal
2017-03-25 07:10:06.3824;7:10:06;Fatal
2017-03-25 07:10:46.3829;7:10:46;Fatal
2017-03-25 08:10:11.8066;8:10:11;Fatal
2017-03-25 08:10:51.8262;8:10:51;Fatal
2017-03-25 09:10:12.3692;9:10:12;Fatal
2017-03-25 09:10:52.3824;9:10:52;Fatal
2017-03-25 10:10:12.9915;10:10:12;Fatal
2017-03-25 10:10:52.9935;10:10:52;Fatal
2017-03-25 11:10:13.5857;11:10:13;Fatal
2017-03-25 11:10:53.6021;11:10:53;Fatal
2017-03-25 12:10:14.2290;12:10:14;Fatal
2017-03-25 12:10:54.2290;12:10:54;Fatal
2017-03-25 13:10:14.7421;13:10:14;Fatal
2017-03-25 13:10:54.7583;13:10:54;Fatal
2017-03-25 14:10:15.2413;14:10:15;Fatal
2017-03-25 14:10:55.2413;14:10:55;Fatal
2017-03-25 15:10:15.7921;15:10:15;Fatal
2017-03-25 15:10:55.8039;15:10:55;Fatal
2017-03-25 16:10:16.3058;16:10:16;Fatal
2017-03-25 16:10:56.3201;16:10:56;Fatal
2017-03-25 17:10:16.8690;17:10:16;Fatal
2017-03-25 17:10:56.8822;17:10:56;Fatal
2017-03-25 18:10:17.4290;18:10:17;Fatal
2017-03-25 18:10:57.4301;18:10:57;Fatal
2017-03-25 19:10:17.9639;19:10:17;Fatal
2017-03-25 19:10:57.9792;19:10:57;Fatal
2017-03-25 20:10:18.4619;20:10:18;Fatal
2017-03-25 20:10:58.4623;20:10:58;Fatal
2017-03-25 21:10:19.0856;21:10:19;Fatal
2017-03-25 21:10:59.0860;21:10:59;Fatal
2017-03-25 22:10:19.7101;22:10:19;Fatal
2017-03-25 22:10:59.7125;22:10:59;Fatal
2017-03-25 23:10:20.2728;23:10:20;Fatal
2017-03-26 00:10:20.8536;0:10:20;Fatal
2017-03-26 01:10:21.4442;1:10:21;Fatal
2017-03-26 02:10:22.0093;2:10:22;Fatal
2017-03-26 03:10:22.5072;3:10:22;Fatal
2017-03-26 04:10:22.9841;4:10:22;Fatal
2017-03-26 05:10:23.5384;5:10:23;Fatal
2017-03-26 06:10:24.0227;6:10:24;Fatal
2017-03-26 07:10:24.6976;7:10:24;Fatal
2017-03-26 08:10:25.3198;8:10:25;Fatal
2017-03-26 09:10:25.9456;9:10:25;Fatal
2017-03-26 10:10:26.5091;10:10:26;Fatal
2017-03-26 11:10:27.1168;11:10:27;Fatal
2017-03-26 12:10:27.6945;12:10:27;Fatal
2017-03-26 13:10:28.3225;13:10:28;Fatal
2017-03-26 14:10:28.9460;14:10:28;Fatal
2017-03-26 15:10:29.5226;15:10:29;Fatal
2017-03-26 16:10:29.9945;16:10:29;Fatal
2017-03-26 17:10:30.5875;17:10:30;Fatal
2017-03-26 18:10:31.0875;18:10:31;Fatal
2017-03-26 19:10:31.6327;19:10:31;Fatal
2017-03-26 20:10:32.1500;20:10:32;Fatal
2017-03-26 21:10:32.6948;21:10:32;Fatal
2017-03-26 22:10:33.2738;22:10:33;Fatal
2017-03-26 23:10:33.8527;23:10:33;Fatal
2017-03-27 00:10:34.3848;0:10:34;Fatal
2017-03-27 01:10:34.9923;1:10:34;Fatal
2017-03-27 02:10:35.5555;2:10:35;Fatal
2017-03-27 03:10:36.1485;3:10:36;Fatal
2017-03-27 04:10:36.7435;4:10:36;Fatal
2017-03-27 05:10:37.4142;5:10:37;Fatal
2017-03-27 06:10:37.9918;6:10:37;Fatal
2017-03-27 07:10:38.6048;7:10:38;Fatal
2017-03-27 08:10:39.1178;8:10:39;Fatal
2017-03-27 09:10:39.6022;9:10:39;Fatal
2017-03-27 10:10:00.1480;10:10:00;Fatal
2017-03-27 10:10:40.1485;10:10:40;Fatal
2017-03-27 11:10:00.6988;11:10:00;Fatal
2017-03-27 11:10:40.7120;11:10:40;Fatal
2017-03-27 12:10:01.2429;12:10:01;Fatal
2017-03-27 12:10:41.2579;12:10:41;Fatal
2017-03-27 13:10:01.9177;13:10:01;Fatal
2017-03-27 13:10:41.9323;13:10:41;Fatal
2017-03-27 14:10:02.5324;14:10:02;Fatal
2017-03-27 14:10:42.5406;14:10:42;Fatal
2017-03-27 15:10:03.1946;15:10:03;Fatal
2017-03-27 15:10:43.1950;15:10:43;Fatal
2017-03-27 16:10:03.7414;16:10:03;Fatal
2017-03-27 16:10:43.7419;16:10:43;Fatal
2017-03-27 17:10:04.3055;17:10:04;Fatal
2017-03-27 17:10:44.3069;17:10:44;Fatal
2017-03-27 18:10:04.8520;18:10:04;Fatal
2017-03-27 18:10:44.8670;18:10:44;Fatal
2017-03-27 19:10:05.4771;19:10:05;Fatal
2017-03-27 19:10:45.4765;19:10:45;Fatal
2017-03-27 20:10:06.0854;20:10:06;Fatal
2017-03-27 20:10:46.0876;20:10:46;Fatal
2017-03-27 21:10:06.6509;21:10:06;Fatal
2017-03-27 21:10:46.6630;21:10:46;Fatal
2017-03-27 22:10:07.2442;22:10:07;Fatal
2017-03-27 22:10:47.2565;22:10:47;Fatal
2017-03-27 23:10:07.7125;23:10:07;Fatal
2017-03-27 23:10:47.7136;23:10:47;Fatal
2017-03-28 00:10:08.2899;0:10:08;Fatal
2017-03-28 00:10:48.2912;0:10:48;Fatal
2017-03-28 01:10:08.8686;1:10:08;Fatal
2017-03-28 01:10:48.8841;1:10:48;Fatal
2017-03-28 02:10:09.4618;2:10:09;Fatal
2017-03-28 02:10:49.4653;2:10:49;Fatal
2017-03-28 03:10:09.9768;3:10:09;Fatal
2017-03-28 03:10:49.9772;3:10:49;Fatal
2017-03-28 04:10:10.4947;4:10:10;Fatal
2017-03-28 04:10:50.4952;4:10:50;Fatal
2017-03-28 05:10:11.0384;5:10:11;Fatal
2017-03-28 05:10:51.0401;5:10:51;Fatal
2017-03-28 06:10:11.5405;6:10:11;Fatal
2017-03-28 06:10:51.5404;6:10:51;Fatal
2017-03-28 07:10:12.1334;7:10:12;Fatal
2017-03-28 07:10:52.1346;7:10:52;Fatal
2017-03-28 08:10:12.6488;8:10:12;Fatal
2017-03-28 08:10:52.6492;8:10:52;Fatal
2017-03-28 09:10:13.2258;9:10:13;Fatal
2017-03-28 09:10:53.2271;9:10:53;Fatal
2017-03-28 10:10:13.6971;10:10:13;Fatal
2017-03-28 10:10:53.7096;10:10:53;Fatal
2017-03-28 11:10:14.2912;11:10:14;Fatal
2017-03-28 11:10:54.3035;11:10:54;Fatal
2017-03-28 12:10:14.9130;12:10:14;Fatal
2017-03-28 12:10:54.9136;12:10:54;Fatal
2017-03-28 13:10:15.3516;13:10:15;Fatal
2017-03-28 13:10:55.3532;13:10:55;Fatal
2017-03-28 14:10:16.0075;14:10:16;Fatal
2017-03-28 14:10:56.0086;14:10:56;Fatal
2017-03-28 15:10:16.5563;15:10:16;Fatal
2017-03-28 15:10:56.5699;15:10:56;Fatal
2017-03-28 16:10:17.2295;16:10:17;Fatal
2017-03-28 16:10:57.2429;16:10:57;Fatal
2017-03-28 17:10:17.8098;17:10:17;Fatal
2017-03-28 17:10:57.8222;17:10:57;Fatal
2017-03-28 18:10:18.3363;18:10:18;Fatal
2017-03-28 18:10:58.3380;18:10:58;Fatal
2017-03-28 19:10:18.8683;19:10:18;Fatal
2017-03-28 19:10:58.8832;19:10:58;Fatal
2017-03-28 20:10:19.3832;20:10:19;Fatal
2017-03-28 20:10:59.3838;20:10:59;Fatal
2017-03-28 21:10:19.8988;21:10:19;Fatal
2017-03-28 21:10:59.8990;21:10:59;Fatal
2017-03-28 22:10:20.4472;22:10:20;Fatal
2017-03-28 23:10:21.0583;23:10:21;Fatal
2017-03-29 00:10:21.6192;0:10:21;Fatal
2017-03-29 01:10:22.2732;1:10:22;Fatal
2017-03-29 02:10:22.8069;2:10:22;Fatal
2017-03-29 03:10:23.4029;3:10:23;Fatal
2017-03-29 04:10:23.9779;4:10:23;Fatal
2017-03-29 05:10:24.5719;5:10:24;Fatal
2017-03-29 06:10:25.2907;6:10:25;Fatal
2017-03-29 07:10:25.9629;7:10:25;Fatal
2017-03-29 08:10:26.5383;8:10:26;Fatal
2017-03-29 09:10:27.1808;9:10:27;Fatal
2017-03-29 10:10:27.7763;10:10:27;Fatal
2017-03-29 11:10:28.4171;11:10:28;Fatal
2017-03-29 12:10:28.9766;12:10:28;Fatal
2017-03-29 13:10:29.6046;13:10:29;Fatal
2017-03-29 14:10:30.2631;14:10:30;Fatal
2017-03-29 15:10:30.9307;15:10:30;Fatal
2017-03-29 16:10:31.5124;16:10:31;Fatal
2017-03-29 17:10:31.9779;17:10:31;Fatal
2017-03-29 18:10:32.6337;18:10:32;Fatal
2017-03-29 19:10:33.2269;19:10:33;Fatal
2017-03-29 20:10:33.8351;20:10:33;Fatal
2017-03-29 21:10:34.3208;21:10:34;Fatal
2017-03-29 22:10:34.8975;22:10:34;Fatal
2017-03-29 23:10:35.4131;23:10:35;Fatal
2017-03-30 00:10:35.9282;0:10:35;Fatal
2017-03-30 01:10:36.4433;1:10:36;Fatal
2017-03-30 02:10:36.9937;2:10:36;Fatal
2017-03-30 03:10:37.5176;3:10:37;Fatal
2017-03-30 04:10:38.2428;4:10:38;Fatal
2017-03-30 05:10:38.7410;5:10:38;Fatal
2017-03-30 06:10:39.2750;6:10:39;Fatal
2017-03-30 07:10:39.7737;7:10:39;Fatal
2017-03-30 08:10:00.2414;8:10:00;Fatal
2017-03-30 08:10:40.2443;8:10:40;Fatal
2017-03-30 09:10:00.7899;9:10:00;Fatal
2017-03-30 09:10:40.7903;9:10:40;Fatal
2017-03-30 10:10:01.4328;10:10:01;Fatal
2017-03-30 10:10:41.4449;10:10:41;Fatal
2017-03-30 11:10:02.0405;11:10:02;Fatal
2017-03-30 11:10:42.0576;11:10:42;Fatal
2017-03-30 12:10:02.7281;12:10:02;Fatal
2017-03-30 12:10:42.7322;12:10:42;Fatal
2017-03-30 13:10:03.2877;13:10:03;Fatal
2017-03-30 13:10:43.2878;13:10:43;Fatal
2017-03-30 14:10:03.9144;14:10:03;Fatal
2017-03-30 14:10:43.9297;14:10:43;Fatal
2017-03-30 15:10:04.4714;15:10:04;Fatal
2017-03-30 15:10:44.4829;15:10:44;Fatal
2017-03-30 16:10:05.0720;16:10:05;Fatal
2017-03-30 16:10:45.0934;16:10:45;Fatal
2017-03-30 17:10:05.6943;17:10:05;Fatal
2017-03-30 17:10:45.6946;17:10:45;Fatal
2017-03-30 18:10:06.2268;18:10:06;Fatal
2017-03-30 18:10:46.2278;18:10:46;Fatal
2017-03-30 19:10:06.8077;19:10:06;Fatal
2017-03-30 19:10:46.8205;19:10:46;Fatal
2017-03-30 20:10:07.3833;20:10:07;Fatal
2017-03-30 20:10:47.4057;20:10:47;Fatal
2017-03-30 21:10:07.9771;21:10:07;Fatal
2017-03-30 21:10:47.9773;21:10:47;Fatal
2017-03-30 22:10:08.5695;22:10:08;Fatal
2017-03-30 22:10:48.5726;22:10:48;Fatal
2017-03-30 23:10:09.1187;23:10:09;Fatal
2017-03-30 23:10:49.1196;23:10:49;Fatal
2017-03-31 00:10:09.6946;0:10:09;Fatal
2017-03-31 00:10:49.7115;0:10:49;Fatal
2017-03-31 01:10:10.3547;1:10:10;Fatal
2017-03-31 01:10:50.3668;1:10:50;Fatal
2017-03-31 02:10:10.8685;2:10:10;Fatal
2017-03-31 02:10:50.8820;2:10:50;Fatal
2017-03-31 03:10:11.4606;3:10:11;Fatal
2017-03-31 03:10:51.4760;3:10:51;Fatal
2017-03-31 04:10:12.1497;4:10:12;Fatal
2017-03-31 04:10:52.1501;4:10:52;Fatal
2017-03-31 05:10:12.7609;5:10:12;Fatal
2017-03-31 05:10:52.7733;5:10:52;Fatal
2017-03-31 06:10:13.3061;6:10:13;Fatal
2017-03-31 06:10:53.3207;6:10:53;Fatal
2017-03-31 07:10:13.8977;7:10:13;Fatal
2017-03-31 07:10:53.9008;7:10:53;Fatal
2017-03-31 08:10:14.3993;8:10:14;Fatal
2017-03-31 08:10:54.4003;8:10:54;Fatal
2017-03-31 09:10:14.9615;9:10:14;Fatal
2017-03-31 09:10:54.9752;9:10:54;Fatal
2017-03-31 10:10:15.5108;10:10:15;Fatal
2017-03-31 10:10:55.5269;10:10:55;Fatal
2017-03-31 11:10:16.0851;11:10:16;Fatal
2017-03-31 11:10:56.0849;11:10:56;Fatal
2017-03-31 12:10:16.5994;12:10:16;Fatal
2017-03-31 12:10:56.6005;12:10:56;Fatal
2017-03-31 12:45:48.5213;?????????? ?? ?? UI ?????? Could not load file or assembly 'NAudio, Version=1.8.0.0, Culture=neutral, PublicKeyToken=null' or one of its dependencies. The system cannot find the file specified.;Fatal
2017-03-31 12:45:48.6865;?????????? ????????? UI ?????? Could not load file or assembly 'NAudio, Version=1.8.0.0, Culture=neutral, PublicKeyToken=null' or one of its dependencies. The system cannot find the file specified.;Fatal
2017-03-31 13:04:11.3431;?????????? ?? ?? UI ?????? BadDeviceId calling waveInOpen;Fatal
2017-03-31 13:04:14.6278;?????????? ?? ?? UI ?????? The process cannot access the file 'C:\Autodictor\temp.wav' because it is being used by another process.;Fatal
2017-03-31 13:10:00.5838;13:10:00;Fatal
2017-03-31 13:10:40.5847;13:10:40;Fatal
2017-03-31 14:10:01.1474;14:10:01;Fatal
2017-03-31 14:10:41.1483;14:10:41;Fatal
2017-03-31 15:10:01.7109;15:10:01;Fatal
2017-03-31 15:10:41.7260;15:10:41;Fatal
2017-03-31 16:10:02.2283;16:10:02;Fatal
2017-03-31 16:10:42.2363;16:10:42;Fatal
2017-03-31 17:10:01.6181;17:10:01;Fatal
2017-03-31 17:10:41.6186;17:10:41;Fatal
2017-03-31 18:10:02.0848;18:10:02;Fatal
2017-03-31 18:10:42.0850;18:10:42;Fatal
2017-03-31 19:10:02.6235;19:10:02;Fatal
2017-03-31 19:10:42.6339;19:10:42;Fatal
2017-03-31 20:10:03.2112;20:10:03;Fatal
2017-03-31 20:10:43.2263;20:10:43;Fatal
2017-03-31 21:10:03.7891;21:10:03;Fatal
2017-03-31 21:10:43.7886;21:10:43;Fatal
2017-03-31 22:10:04.2909;22:10:04;Fatal
2017-03-31 22:10:44.2914;22:10:44;Fatal
2017-03-31 23:10:04.8768;23:10:04;Fatal
2017-03-31 23:10:44.8887;23:10:44;Fatal
2017-04-01 00:10:05.3830;0:10:05;Fatal
2017-04-01 00:10:45.3825;0:10:45;Fatal
2017-04-01 01:10:05.8511;1:10:05;Fatal
2017-04-01 01:10:45.8518;1:10:45;Fatal
2017-04-01 02:10:06.4296;2:10:06;Fatal
2017-04-01 02:10:46.4311;2:10:46;Fatal
2017-04-01 03:10:07.0076;3:10:07;Fatal
2017-04-01 03:10:47.0231;3:10:47;Fatal
2017-04-01 04:10:07.6797;4:10:07;Fatal
2017-04-01 04:10:47.6812;4:10:47;Fatal
2017-04-01 05:10:08.1671;5:10:08;Fatal
2017-04-01 05:10:48.1681;5:10:48;Fatal
2017-04-01 06:10:08.6336;6:10:08;Fatal
2017-04-01 06:10:48.6471;6:10:48;Fatal
2017-04-01 07:10:09.1956;7:10:09;Fatal
2017-04-01 07:10:49.1954;7:10:49;Fatal
2017-04-01 08:10:09.7907;8:10:09;Fatal
2017-04-01 08:10:49.7903;8:10:49;Fatal
2017-04-01 09:10:28.7565;9:10:28;Fatal
2017-04-01 10:10:29.3518;10:10:29;Fatal
2017-04-01 11:10:29.8677;11:10:29;Fatal
2017-04-01 12:10:30.3529;12:10:30;Fatal
2017-04-01 13:10:35.0860;13:10:35;Fatal
2017-04-01 14:10:35.6067;14:10:35;Fatal
2017-04-01 15:10:36.2114;15:10:36;Fatal
2017-04-01 16:10:36.8191;16:10:36;Fatal
2017-04-01 17:10:37.3151;17:10:37;Fatal
2017-04-01 18:10:37.9642;18:10:37;Fatal
2017-04-01 19:10:38.5565;19:10:38;Fatal
2017-04-01 20:10:39.1178;20:10:39;Fatal
2017-04-01 21:10:39.7116;21:10:39;Fatal
2017-04-01 22:10:05.8526;22:10:05;Fatal
2017-04-01 22:10:45.8666;22:10:45;Fatal
2017-04-01 23:10:06.4449;23:10:06;Fatal
2017-04-01 23:10:46.4455;23:10:46;Fatal
2017-04-02 00:10:06.9920;0:10:06;Fatal
2017-04-02 00:10:46.9913;0:10:46;Fatal
2017-04-02 01:10:07.5386;1:10:07;Fatal
2017-04-02 01:10:47.5385;1:10:47;Fatal
2017-04-02 02:10:08.1781;2:10:08;Fatal
2017-04-02 02:10:48.1785;2:10:48;Fatal
2017-04-02 03:10:08.6960;3:10:08;Fatal
2017-04-02 03:10:48.7105;3:10:48;Fatal
2017-04-02 04:10:09.2440;4:10:09;Fatal
2017-04-02 04:10:49.2565;4:10:49;Fatal
2017-04-02 05:10:09.8667;5:10:09;Fatal
2017-04-02 05:10:49.8664;5:10:49;Fatal
2017-04-02 06:10:10.3846;6:10:10;Fatal
2017-04-02 06:10:50.3850;6:10:50;Fatal
2017-04-02 07:10:10.9310;7:10:10;Fatal
2017-04-02 07:10:50.9450;7:10:50;Fatal
2017-04-02 08:10:11.5082;8:10:11;Fatal
2017-04-02 08:10:51.5095;8:10:51;Fatal
2017-04-02 09:10:11.9923;9:10:11;Fatal
2017-04-02 09:10:52.0077;9:10:52;Fatal
2017-04-02 10:10:12.5718;10:10:12;Fatal
2017-04-02 10:10:52.5851;10:10:52;Fatal
2017-04-02 11:10:13.1014;11:10:13;Fatal
2017-04-02 11:10:53.1031;11:10:53;Fatal
2017-04-02 12:10:04.3043;12:10:04;Fatal
2017-04-02 12:10:44.3050;12:10:44;Fatal
2017-04-02 13:10:11.4616;13:10:11;Fatal
2017-04-02 13:10:51.4768;13:10:51;Fatal
2017-04-02 14:10:11.9942;14:10:11;Fatal
2017-04-02 14:10:52.0111;14:10:52;Fatal
2017-04-02 15:10:12.5559;15:10:12;Fatal
2017-04-02 15:10:52.5696;15:10:52;Fatal
2017-04-02 16:10:13.1794;16:10:13;Fatal
2017-04-02 16:10:53.1803;16:10:53;Fatal
2017-04-02 17:10:13.6488;17:10:13;Fatal
2017-04-02 17:10:53.6488;17:10:53;Fatal
2017-04-02 18:10:14.2324;18:10:14;Fatal
2017-04-02 18:10:54.2421;18:10:54;Fatal
2017-04-02 19:10:14.7747;19:10:14;Fatal
2017-04-02 19:10:54.7761;19:10:54;Fatal
2017-04-02 20:10:15.3410;20:10:15;Fatal
2017-04-02 20:10:55.3518;20:10:55;Fatal
2017-04-02 21:10:15.8034;21:10:15;Fatal
2017-04-02 21:10:55.8052;21:10:55;Fatal
2017-04-02 22:10:16.3821;22:10:16;Fatal
2017-04-02 22:10:56.3824;22:10:56;Fatal
2017-04-02 23:10:16.9872;23:10:16;Fatal
2017-04-02 23:10:56.9986;23:10:56;Fatal
2017-04-03 00:10:17.5224;0:10:17;Fatal
2017-04-03 00:10:57.5395;0:10:57;Fatal
2017-04-03 01:10:18.1021;1:10:18;Fatal
2017-04-03 01:10:58.1023;1:10:58;Fatal
2017-04-03 02:10:18.6337;2:10:18;Fatal
2017-04-03 02:10:58.6472;2:10:58;Fatal
2017-04-03 03:10:19.2387;3:10:19;Fatal
2017-04-03 03:10:59.2422;3:10:59;Fatal
2017-04-03 04:10:19.8368;4:10:19;Fatal
2017-04-03 04:10:59.8512;4:10:59;Fatal
2017-04-03 05:10:20.5249;5:10:20;Fatal
2017-04-03 06:10:21.1180;6:10:21;Fatal
2017-04-03 07:10:21.5712;7:10:21;Fatal
2017-04-03 08:10:22.1636;8:10:22;Fatal
2017-04-03 09:10:22.6962;9:10:22;Fatal
2017-04-03 10:10:23.3512;10:10:23;Fatal
2017-04-03 11:10:23.8688;11:10:23;Fatal
2017-04-03 12:10:24.4158;12:10:24;Fatal
2017-04-03 13:10:24.9450;13:10:24;Fatal
2017-04-03 14:10:25.5086;14:10:25;Fatal
2017-04-03 15:10:26.1163;15:10:26;Fatal
2017-04-03 16:10:26.7191;16:10:26;Fatal
2017-04-03 17:10:27.2892;17:10:27;Fatal
2017-04-03 18:10:27.9306;18:10:27;Fatal
2017-04-03 19:10:28.4770;19:10:28;Fatal
2017-04-03 20:10:29.0086;20:10:29;Fatal
2017-04-03 21:10:29.5069;21:10:29;Fatal
2017-04-03 22:10:29.9788;22:10:29;Fatal
2017-04-03 23:10:30.5727;23:10:30;Fatal
2017-04-04 00:10:31.1792;0:10:31;Fatal
2017-04-04 01:10:31.6008;1:10:31;Fatal
2017-04-04 02:10:32.1485;2:10:32;Fatal
2017-04-04 03:10:32.8038;3:10:32;Fatal
2017-04-04 04:10:33.3378;4:10:33;Fatal
2017-04-04 05:10:33.8822;5:10:33;Fatal
2017-04-04 06:10:34.4444;6:10:34;Fatal
2017-04-04 07:10:34.8983;7:10:34;Fatal
2017-04-04 08:10:35.4623;8:10:35;Fatal
2017-04-04 09:10:36.0722;9:10:36;Fatal
2017-04-04 10:10:36.6632;10:10:36;Fatal
2017-04-04 11:10:37.2288;11:10:37;Fatal
2017-04-04 12:10:37.7116;12:10:37;Fatal
2017-04-04 13:10:38.3207;13:10:38;Fatal
2017-04-04 14:10:38.7908;14:10:38;Fatal
2017-04-04 15:10:35.8510;15:10:35;Fatal
2017-04-04 16:10:36.3986;16:10:36;Fatal
2017-04-04 17:10:36.9775;17:10:36;Fatal
2017-04-04 18:10:37.4613;18:10:37;Fatal
2017-04-04 19:10:38.0082;19:10:38;Fatal
2017-04-04 20:10:38.5259;20:10:38;Fatal
2017-04-04 21:10:39.0552;21:10:39;Fatal
2017-04-04 22:10:39.7152;22:10:39;Fatal
2017-04-04 23:10:00.2586;23:10:00;Fatal
2017-04-04 23:10:40.2732;23:10:40;Fatal
2017-04-05 00:10:00.8222;0:10:00;Fatal
2017-04-05 00:10:40.8353;0:10:40;Fatal
2017-04-05 01:10:01.3821;1:10:01;Fatal
2017-04-05 01:10:41.3853;1:10:41;Fatal
2017-04-05 02:10:01.9289;2:10:01;Fatal
2017-04-05 02:10:41.9293;2:10:41;Fatal
2017-04-05 03:10:02.5069;3:10:02;Fatal
2017-04-05 03:10:42.5213;3:10:42;Fatal
2017-04-05 04:10:03.1159;4:10:03;Fatal
2017-04-05 04:10:43.1284;4:10:43;Fatal
2017-04-05 05:10:03.6792;5:10:03;Fatal
2017-04-05 05:10:43.6795;5:10:43;Fatal
2017-04-05 06:10:04.2534;6:10:04;Fatal
2017-04-05 06:10:44.2669;6:10:44;Fatal
2017-04-05 07:10:04.8041;7:10:04;Fatal
2017-04-05 07:10:44.8041;7:10:44;Fatal
2017-04-05 08:10:05.3695;8:10:05;Fatal
2017-04-05 08:10:45.3815;8:10:45;Fatal
2017-04-05 09:10:05.9307;9:10:05;Fatal
2017-04-05 09:10:45.9321;9:10:45;Fatal
2017-04-05 10:10:06.4153;10:10:06;Fatal
2017-04-05 10:10:46.4286;10:10:46;Fatal
2017-04-05 11:10:06.8927;11:10:06;Fatal
2017-04-05 11:10:46.9035;11:10:46;Fatal
2017-04-05 12:10:07.5549;12:10:07;Fatal
2017-04-05 12:10:47.5561;12:10:47;Fatal
2017-04-05 13:10:08.1655;13:10:08;Fatal
2017-04-05 13:10:48.1783;13:10:48;Fatal
2017-04-05 14:10:08.7422;14:10:08;Fatal
2017-04-05 14:10:48.7577;14:10:48;Fatal
2017-04-05 15:10:09.1966;15:10:09;Fatal
2017-04-05 15:10:49.1977;15:10:49;Fatal
2017-04-05 16:10:09.7582;16:10:09;Fatal
2017-04-05 16:10:49.7578;16:10:49;Fatal
2017-04-05 17:10:10.2883;17:10:10;Fatal
2017-04-05 17:10:50.2886;17:10:50;Fatal
2017-04-05 18:10:28.0855;18:10:28;Fatal
2017-04-05 19:10:28.6964;19:10:28;Fatal
2017-04-05 20:10:29.2732;20:10:29;Fatal
2017-04-05 21:10:29.9148;21:10:29;Fatal
2017-04-05 22:10:30.3534;22:10:30;Fatal
2017-04-05 23:10:30.8997;23:10:30;Fatal
2017-04-06 00:10:31.5551;0:10:31;Fatal
2017-04-06 01:10:32.0412;1:10:32;Fatal
2017-04-06 02:10:32.6027;2:10:32;Fatal
2017-04-06 03:10:33.1176;3:10:33;Fatal
2017-04-06 04:10:33.7417;4:10:33;Fatal
2017-04-06 05:10:34.3997;5:10:34;Fatal
2017-04-06 06:10:34.9648;6:10:34;Fatal
2017-04-06 07:10:35.4756;7:10:35;Fatal
2017-04-06 08:10:36.1036;8:10:36;Fatal
2017-04-06 09:10:36.6325;9:10:36;Fatal
2017-04-06 10:10:37.1633;10:10:37;Fatal
2017-04-06 11:10:37.7588;11:10:37;Fatal
2017-04-06 12:10:38.2117;12:10:38;Fatal
2017-04-06 13:10:38.8662;13:10:38;Fatal
2017-04-06 14:10:27.0231;14:10:27;Fatal
2017-04-06 15:10:27.5884;15:10:27;Fatal
2017-04-11 11:10:12.0472;11:10:11;Fatal
2017-04-11 11:10:51.9214;11:10:51;Fatal
2017-04-11 13:10:30.8851;13:10:30;Fatal
